Authors,Title,Publication,Volume,Number,Pages,Year,Publisher
"Sahani, Nitasha; Zhu, Ruoxi; Cho, Jin-Hee; Liu, Chen-Ching; ",Machine learning-based intrusion detection for smart grid computing: A survey,ACM Transactions on Cyber-Physical Systems,7,2,31-Jan,2023,"ACM New York, NY"
"Karimipour, Hadis; Dehghantanha, Ali; Parizi, Reza M; Choo, Kim-Kwang Raymond; Leung, Henry; ",A deep and scalable unsupervised machine learning system for cyber-attack detection in large-scale smart grids,Ieee Access,7,,80778-80788,2019,IEEE
"Alam, Khorshed; Imran, MA; Mahmud, Upal; Fathah, AA; ",Cyber Attacks Detection And Mitigation Using Machine Learning In Smart Grid Systems,Journal of Science and Engineering Research,1,1,38-55,2024,
"Chohan, Maria Nawaz; Haider, Usman; Ayub, Muhammad Yaseen; Shoukat, Hina; Bhatia, Tarandeep Kaur; Ul Hassan, Muhammad Furqan; ",Detection of Cyber Attacks using Machine Learning based Intrusion Detection System for IoT Based Smart Cities.,EAI Endorsed Transactions on Smart Cities,7,2,,2023,
"Nabil, Mahmoud; Ismail, Muhammad; Mahmoud, Mohamed; Shahin, Mostafa; Qaraqe, Khalid; Serpedin, Erchin; ",Deep learning-based detection of electricity theft cyber-attacks in smart grid AMI networks,Deep learning applications for cyber security,,,73-102,2019,Springer
"Mohammed, Saad H; Al-Jumaily, Abdulmajeed; Singh, Mandeep Jit; Jiménez, Víctor P Gil; Jaber, Aqeel S; Hussein, Yaseein Soubhi; Al-Najjar, Mudhar M; Al-Jumeily, Dhiya; ",Evaluation feature selection with using machine learning for cyber-attack detection in smart grid,IEEE Access,,,,2024,IEEE
"Cui, Mingjian; Wang, Jianhui; Yue, Meng; ",Machine learning-based anomaly detection for load forecasting under cyberattacks,IEEE Transactions on Smart Grid,10,5,5724-5734,2019,IEEE
"Haghnegahdar, Lida; Wang, Yong; ",A whale optimization algorithm-trained artificial neural network for smart grid cyber intrusion detection,Neural computing and applications,32,13,9427-9441,2020,Springer
"Mazhar, Tehseen; Irfan, Hafiz Muhammad; Khan, Sunawar; Haq, Inayatul; Ullah, Inam; Iqbal, Muhammad; Hamam, Habib; ",Analysis of cyber security attacks and its solutions for the smart grid using machine learning and blockchain methods,Future Internet,15,2,83,2023,MDPI
"Sun, Chih-Che; Cardenas, D Jonathan Sebastian; Hahn, Adam; Liu, Chen-Ching; ",Intrusion detection for cybersecurity of smart meters,IEEE Transactions on Smart Grid,12,1,612-622,2020,IEEE
"Vinayakumar, Ravi; Alazab, Mamoun; Soman, K Padannayil; Poornachandran, Prabaharan; Al-Nemrat, Ameer; Venkatraman, Sitalakshmi; ",Deep learning approach for intelligent intrusion detection system,IEEE access,7,,41525-41550,2019,IEEE
"Sultana, Arifa; Bardalai, Aroop; Sarma, Kandarpa Kumar; ",Salp swarm-artificial neural network based cyber-attack detection in smart grid,Neural Processing Letters,54,4,2861-2883,2022,Springer
"AlHaddad, Ulaa; Basuhail, Abdullah; Khemakhem, Maher; Eassa, Fathy Elbouraey; Jambi, Kamal; ",Ensemble model based on hybrid deep learning for intrusion detection in smart grid networks,Sensors,23,17,7464,2023,MDPI
"Abdi, Nima; Albaseer, Abdullatif; Abdallah, Mohamed; ",The role of deep learning in advancing proactive cybersecurity measures for smart grid networks: A survey,IEEE Internet of Things Journal,11,9,16398-16421,2024,IEEE
"Behiry, Mohamed H; Aly, Mohammed; ",Cyberattack detection in wireless sensor networks using a hybrid feature reduction technique with AI and machine learning methods,Journal of Big Data,11,1,16,2024,Springer
"Aljohani, Abdulaziz; AlMuhaini, Mohammad; Poor, H Vincent; Binqadhi, Hamed M; ",A deep learning-based cyber intrusion detection and mitigation system for smart grids,IEEE Transactions on Artificial Intelligence,5,8,3902-3914,2024,IEEE
"Dairi, Abdelkader; Harrou, Fouzi; Bouyeddou, Benamar; Senouci, Sidi-Mohammed; Sun, Ying; ",Semi-supervised deep learning-driven anomaly detection schemes for cyber-attack detection in smart grids,"Power systems cybersecurity: Methods, concepts, and best practices",,,265-295,2023,Springer
"Al-Quayed, Fatima; Ahmad, Zulfiqar; Humayun, Mamoona; ",A situation based predictive approach for cybersecurity intrusion detection and prevention using machine learning and deep learning algorithms in wireless sensor networks of industry 4.0,IEEE Access,,,,2024,IEEE
"Khan, Suleman; Kifayat, Kashif; Kashif Bashir, Ali; Gurtov, Andrei; Hassan, Mehdi; ",Intelligent intrusion detection system in smart grid using computational intelligence and machine learning,Transactions on Emerging Telecommunications Technologies,32,6,e4062,2021,Wiley Online Library
"Diaba, Sayawu Yakubu; Elmusrati, Mohammed; ",Proposed algorithm for smart grid DDoS detection based on deep learning,Neural Networks,159,,175-184,2023,Elsevier
"Aribisala, Adedayo; Khan, Mohammad S; Husari, Ghaith; ",Machine learning algorithms and their applications in classifying cyber-attacks on a smart grid network,"2021 IEEE 12th Annual Information Technology, Electronics and Mobile Communication Conference (IEMCON)",,,0063-0069,2021,IEEE
"Cui, Lei; Qu, Youyang; Gao, Longxiang; Xie, Gang; Yu, Shui; ",Detecting false data attacks using machine learning techniques in smart grid: A survey,Journal of Network and Computer Applications,170,,102808,2020,Elsevier
"Vincent Banda, Takudzwa; Blaauw, Dewald; Watson, Bruce W; ",Towards a Supervised Machine Learning Algorithm for Cyberattacks Detection and Prevention in a Smart Grid Cybersecurity System,Pan African Conference on Artificial Intelligence,,,107-128,2023,Springer
"Mukherjee, Debottam; ",Detection of data-driven blind cyber-attacks on smart grid: A deep learning approach,Sustainable Cities and Society,92,,104475,2023,Elsevier
"Al-Abassi, Abdulrahman; Karimipour, Hadis; Dehghantanha, Ali; Parizi, Reza M; ",An ensemble deep learning-based cyber-attack detection in industrial control system,Ieee Access,8,,83965-83973,2020,IEEE
"Abou-Elasaad, Mounir Mohammad; Sayed, Samir G; El-Dakroury, Mohamed M; ",Smart Grid intrusion detection system based on AI techniques.,Journal of Cybersecurity & Information Management,15,2,,2025,
"Pinto, Smitha Joyce; Siano, Pierluigi; Parente, Mimmo; ",Review of cybersecurity analysis in smart distribution systems and future directions for using unsupervised learning methods for cyber detection,Energies,16,4,1651,2023,MDPI
"Alwageed, Hathal Salamah; ",Detection of cyber attacks in smart grids using SVM-boosted machine learning models,Service Oriented Computing and Applications,16,4,313-326,2022,Springer
"Khaw, Yew Meng; Jahromi, Amir Abiri; Arani, Mohammadreza FM; Sanner, Scott; Kundur, Deepa; Kassouf, Marthe; ",A deep learning-based cyberattack detection system for transmission protective relays,IEEE Transactions on Smart Grid,12,3,2554-2565,2020,IEEE
"Banik, Shampa; Saha, Sohag Kumar; Banik, Trapa; Hossain, SM Mostaq; ",Anomaly detection techniques in smart grid systems: A review,2023 IEEE World AI IoT Congress (AIIoT),,,0331-0337,2023,IEEE
"Singh, Richa; Singh, Arunendra; Bhattacharya, Pronaya; ",A machine learning approach for anomaly detection to secure smart grid systems,Advancements in Security and Privacy Initiatives for Multimedia Images,,,199-213,2021,IGI global
"Ismail, Muhammad; Shaaban, Mostafa F; Naidu, Mahesh; Serpedin, Erchin; ",Deep learning detection of electricity theft cyber-attacks in renewable distributed generation,IEEE Transactions on Smart Grid,11,4,3428-3437,2020,IEEE
"Majeed, Mahmood; McCullum, Andrew; ",IoT-Based Smart Grid Cybersecurity: Real-Time Anomaly Detection with Deep Neural Networks,,,,,,
"Naveeda, K; Fathima, SMH Sithi Shameem; ",Real-time implementation of IoT-enabled cyberattack detection system in advanced metering infrastructure using machine learning technique,Electrical Engineering,107,1,909-928,2025,Springer
"Hamdi, Najet; ",A hybrid learning technique for intrusion detection system for smart grid,Sustainable Computing: Informatics and Systems,46,,101102,2025,Elsevier
"Ayub, Muhammad Yaseen; Haider, Usman; Haider, Ali; Tashfeen, Muhammad Tehmasib Ali; Shoukat, Hina; Basit, Abdul; ",An intelligent machine learning based intrusion detection system (IDS) for smart cities networks,EAI Endorsed Transactions on Smart Cities,7,1,e4-e4,2023,
"Ullah, Imtiaz; Mahmoud, Qusay H; ",An intrusion detection framework for the smart grid,2017 IEEE 30th Canadian Conference on Electrical and Computer Engineering (CCECE),,,5-Jan,2017,IEEE
"Huma, Zil E; Latif, Shahid; Ahmad, Jawad; Idrees, Zeba; Ibrar, Anas; Zou, Zhuo; Alqahtani, Fehaid; Baothman, Fatmah; ",A hybrid deep random neural network for cyberattack detection in the industrial internet of things,IEEE access,9,,55595-55605,2021,IEEE
"Berghout, Tarek; Benbouzid, Mohamed; Muyeen, SM; ","Machine learning for cybersecurity in smart grids: A comprehensive review-based study on methods, solutions, and prospects",International Journal of Critical Infrastructure Protection,38,,100547,2022,Elsevier
"Ullah, Mujeeb; Chinwalla, Asif; ",Real-Time Cybersecurity Solutions for IoT-Based Smart Grids Using Deep Neural Networks,,,,,,
"Murugesan, Nakkeeran; Velu, Anantha Narayanan; Palaniappan, Bagavathi Sivakumar; Sukumar, Balamurugan; Hossain, Md Jahangir; ",Mitigating missing rate and early cyberattack discrimination using optimal statistical approach with machine learning techniques in a smart grid,Energies,17,8,1965,2024,MDPI
"Sawas, Abdullah; Farag, Hany EZ; ",Real-time detection of stealthy IoT-based cyber-attacks on power distribution systems: A novel anomaly prediction approach,Electric Power Systems Research,223,,109496,2023,Elsevier
"Tirulo, Aschalew; Chauhan, Siddhartha; Dutta, Kamlesh; ",Machine learning and deep learning techniques for detecting and mitigating cyber threats in IoT-enabled smart grids: a comprehensive review,International Journal of Information and Computer Security,24,4-Mar,284-321,2024,Inderscience Publishers (IEL)
"Li, Yaze; Wu, Jingxian; ",Low latency cyberattack detection in smart grids with deep reinforcement learning,International Journal of Electrical Power & Energy Systems,142,,108265,2022,Elsevier
"Liu, Zhipeng; Thapa, Niraj; Shaver, Addison; Roy, Kaushik; Yuan, Xiaohong; Khorsandroo, Sajad; ",Anomaly detection on iot network intrusion using machine learning,"2020 International conference on artificial intelligence, big data, computing and data communication systems (icABCD)",,,5-Jan,2020,IEEE
"Tightiz, Lilia; Nasimov, Rashid; Nasab, Morteza Azimi; ",Implementing AI Solutions for Advanced Cyber‐Attack Detection in Smart Grid,International Journal of Energy Research,2024,1,6969383,2024,Wiley Online Library
"Villegas-Ch, William; Govea, Jaime; Jaramillo-Alcazar, Angel; ",Iot anomaly detection to strengthen cybersecurity in the critical infrastructure of smart cities,Applied Sciences,13,19,10977,2023,MDPI
"Ahmad, Muhmmad; Boneh, Dan; ",Advanced Deep Neural Networks for Real-Time Anomaly Detection in IoT-Based Smart Grid Cybersecurity,,,,,,
"Mahaveerakannan, R; Kumar, T Rajesh; Balamanigandan, R; Vasarao, Parnandi Srinu; ",Enhancing Intrusion Detection in Smart Grids: A Machine Learning-based Defense Against DDoS Attacks with Imbalance-Aware Optimization,2025 International Conference on Electronics and Renewable Systems (ICEARS),,,1020-1027,2025,IEEE
"Islam, Umar; Ullah, Hanif; Khan, Naveed; Saleem, Kashif; Ahmad, Iftikhar; ",AI-enhanced intrusion detection in smart renewable energy grids: A novel industry 4.0 cyber threat management approach,International Journal of Critical Infrastructure Protection,,,100769,2025,Elsevier
"Naeem, Hamad; Ullah, Farhan; Srivastava, Gautam; ",Classification of intrusion cyber‐attacks in smart power grids using deep ensemble learning with metaheuristic‐based optimization,Expert Systems,42,1,e13556,2025,Wiley Online Library
"Ida Evangeline, S; Darwin, S; Peter Anandkumar, P; Chithambara Thanu, M; ",Anomaly detection in smart grid using a trace-based graph deep learning model,Electrical Engineering,106,5,5851-5867,2024,Springer
"Ness, Stephanie; ",Adversarial Attack Detection in Smart Grids Using Deep Learning Architectures,IEEE Access,,,,2024,IEEE
"Sen, Puja; Waghmare, Sumit; ",Machine learning based intrusion detection system for real-time smart grid security,2021 13th IEEE PES Asia Pacific Power & Energy Engineering Conference (APPEEC),,,6-Jan,2021,IEEE
"Liu, Hongyu; Lang, Bo; ",Machine learning and deep learning methods for intrusion detection systems: A survey,applied sciences,9,20,4396,2019,mdpi
"Mirzaee, Parya Haji; Shojafar, Mohammad; Cruickshank, Haitham; Tafazolli, Rahim; ",Smart grid security and privacy: From conventional to machine learning issues (threats and countermeasures),IEEE access,10,,52922-52954,2022,IEEE
"Acquah, Gifty; Haddadi, Hamed; ",Network Anomalies Detection in Smart Grid System using Machine Learning,,,,,2025,
"Dayarathne, MASP; Jayathilaka, MSM; Bandara, RMVA; Logeeshan, V; Kumarawadu, S; Wanigasekara, Chathura; ",Mitigating Cyber Risks in Smart Cyber-Physical Power Systems Through Deep Learning and Hybrid Security Models,IEEE Access,,,,2025,IEEE
"Danilczyk, William; Sun, Yan Lindsay; He, Haibo; ",Smart grid anomaly detection using a deep learning digital twin,2020 52nd North American Power Symposium (NAPS),,,6-Jan,2021,IEEE
"Singh, Vivek Kumar; Govindarasu, Manimaran; ",A cyber-physical anomaly detection for wide-area protection using machine learning,IEEE Transactions on Smart Grid,12,4,3514-3526,2021,IEEE
"Khan, Jowaria; Elfakharany, Rana; Saleem, Hiba; Pathan, Mahira; Shahzad, Emaan; Dhou, Salam; Aloul, Fadi; ",Can Machine Learning Enhance Intrusion Detection to Safeguard Smart City Networks from Multi-Step Cyberattacks?,Smart Cities,8,1,13,2025,MDPI
"Abdulaal, Mohammed J; Ibrahem, Mohamed I; Mahmoud, Mohamed MEA; Khalid, Junaid; Aljohani, Abdulah Jeza; Milyani, Ahmad H; Abusorrah, Abdullah M; ",Real-time detection of false readings in smart grid AMI using deep and ensemble learning,IEEE Access,10,,47541-47556,2022,IEEE
"Akagic, Amila; Džafić, Izudin; ",Enhancing smart grid resilience with deep learning anomaly detection prior to state estimation,Engineering Applications of Artificial Intelligence,127,,107368,2024,Elsevier
"Verma, Saurav; Rao, Ashwini; ",A short report on deep learning synergy for decentralized smart grid cybersecurity,Frontiers in Artificial Intelligence,8,,1557960,2025,Frontiers Media SA
"Efiong, John E; Akinyemi, Bodunde O; Olajubu, Emmanuel A; Aderounmu, Ganiyu A; Degila, Jules; ",CyberSCADA network security analysis model for intrusion detection systems in the smart grid,"The International Symposium on Computer Science, Digital Economy and Intelligent Systems",,,481-499,2022,Springer
"Asha, A; Karthika, S; PC, Saranya; ",Securing smart grid IoT system using a robust RNN based cyberattack detection framework,2025 International Conference on Electronics and Renewable Systems (ICEARS),,,617-622,2025,IEEE
"Habib, AKM Ahasan; Hasan, Mohammad Kamrul; Hassan, Rosilah; Islam, Shayla; Thakkar, Rahul; Vo, Nguyen; ",Distributed denial-of-service attack detection for smart grid wide area measurement system: A hybrid machine learning technique,Energy Reports,9,,638-646,2023,Elsevier
"Tsimenidis, Stefanos; Lagkas, Thomas; Rantos, Konstantinos; ",Deep learning in IoT intrusion detection,Journal of network and systems management,30,1,8,2022,Springer
"Belhadi, Asma; Djenouri, Youcef; Srivastava, Gautam; Jolfaei, Alireza; Lin, Jerry Chun-Wei; ",Privacy reinforcement learning for faults detection in the smart grid,Ad Hoc Networks,119,,102541,2021,Elsevier
"Azad, Salahuddin; Sabrina, Fariza; Wasimi, Saleh; ",Transformation of smart grid using machine learning,2019 29th Australasian Universities Power Engineering Conference (AUPEC),,,6-Jan,2019,IEEE
"Ankitdeshpandey; Karthi, R; ",Development of intrusion detection system using deep learning for classifying attacks in power systems,Soft Computing: Theories and Applications: Proceedings of SoCTA 2019,,,755-766,2020,Springer
"Dogaru, Delia Ioana; Dumitrache, Ioan; ",Cyber attacks of a power grid analysis using a deep neural network approach,Journal of Control Engineering and Applied Informatics,21,1,42-50,2019,
"Singh, Vivek Kumar; Govindarasu, Manimaran; ",Cyber kill chain-based hybrid intrusion detection system for smart grid,"Wide Area Power Systems Stability, Protection, and Security",,,571-599,2020,Springer
"El-Toukhy, Ahmed T; Mahmoud, Mohamed MEA; Bondok, Atef H; Fouda, Mostafa M; Alsabaan, Maazen; ",Countering evasion attacks for smart grid reinforcement learning-based detectors,IEEE Access,11,,97373-97390,2023,IEEE
"Cui, Hao; Dong, Xiaorui; Deng, Hongyan; Dehghani, Moslem; Alsubhi, Khalid; Aljahdali, Hani Moaiteq Abdullah; ",Cyber attack detection process in sensor of DC micro-grids under electric vehicle based on Hilbert–Huang transform and deep learning,IEEE Sensors Journal,21,14,15885-15894,2020,IEEE
"Aribisala, Adedayo; Khan, Mohammad S; Husari, Ghaith; ",Feed-forward intrusion detection and classification on a smart grid network,2022 IEEE 12th Annual Computing and Communication Workshop and Conference (CCWC),,,0099-0105,2022,IEEE
"Balamurugan, M; Varanasi, UshaBala; Mangai, R Alarmelu; Vinayagam, P; Karuppaiah, S; Sayyed, Hifajatali; ",Deep learning-powered intrusion detection systems: enhancing efficiency in network security,"2024 International Conference on Advances in Computing, Communication and Applied Informatics (ACCAI)",,,7-Jan,2024,IEEE
"Dasgupta, Rupshali; Pramanik, Meghabriti; Mitra, Pabitra; Chowdhury, Dipanwita Roy; ",Intrusion detection for power grid: a review,International Journal of Information Security,23,2,1317-1329,2024,Springer
"Ustun, Taha Selim; Hussain, SM Suhail; Ulutas, Ahsen; Onen, Ahmet; Roomi, Muhammad M; Mashima, Daisuke; ",Machine learning-based intrusion detection for achieving cybersecurity in smart grids using IEC 61850 GOOSE messages,Symmetry,13,5,826,2021,MDPI
"Gumaei, Abdu; Hassan, Mohammad Mehedi; Huda, Shamsul; Hassan, Md Rafiul; Camacho, David; Del Ser, Javier; Fortino, Giancarlo; ",A robust cyberattack detection approach using optimal features of SCADA power systems in smart grids,Applied Soft Computing,96,,106658,2020,Elsevier
"Alotaibi, Bandar; Alotaibi, Munif; ",A stacked deep learning approach for IoT cyberattack detection,Journal of Sensors,2020,1,8828591,2020,Wiley Online Library
"Khoei, Tala Talaei; Aissou, Ghilas; Hu, When Chen; Kaabouch, Naima; ",Ensemble learning methods for anomaly intrusion detection system in smart grid,2021 IEEE international conference on electro information technology (EIT),,,129-135,2021,IEEE
"Ganesan, P; Xavier, S; ",An Intelligent Intrusion Detection System in Smart Grid Using PRNN Classifier.,Intelligent Automation & Soft Computing,35,3,,2023,
"Ravinder, M; Kulkarni, Vikram; Shah, Pintu R; Shah, Ketan; Rao, Ashwini; ",Optimization of energy management and anomaly detection in smart grid analytics using deep learning,"2024 International Conference on Integrated Circuits, Communication, and Computing Systems (ICIC3S)",1,,6-Jan,2024,IEEE
"Zhang, Jun; Pan, Lei; Han, Qing-Long; Chen, Chao; Wen, Sheng; Xiang, Yang; ",Deep learning based attack detection for cyber-physical system cybersecurity: A survey,IEEE/CAA Journal of Automatica Sinica,9,3,377-391,2021,IEEE
"Diro, Abebe; Chilamkurti, Naveen; Nguyen, Van-Doan; Heyne, Will; ",A comprehensive study of anomaly detection schemes in IoT networks using machine learning algorithms,Sensors,21,24,8320,2021,MDPI
"Sadi, Mohammad Ashraf Hossain; Zhao, Dongbo; Hong, Tianqi; Ali, Mohd Hasan; ",Time sequence machine learning-based data intrusion detection for smart voltage source converter-enabled power grid,IEEE Systems Journal,17,2,2477-2488,2022,IEEE
"Mohammadi, Mohammadreza; Shrestha, Rakesh; Sinaei, Sima; Salcines, Alberto; Pampliega, David; Clemente, Raul; Sanz, Ana Lourdes; ",Anomaly detection using lstm-autoencoder in smart grid: A federated learning approach,Proceedings of the 2023 7th International Conference on Cloud and Big Data Computing,,,48-54,2023,
"Jayalaxmi, PLS; Saha, Rahul; Kumar, Gulshan; Conti, Mauro; Kim, Tai-Hoon; ",Machine and deep learning solutions for intrusion detection and prevention in IoTs: A survey,IEEe Access,10,,121173-121192,2022,IEEE
"Nijim, Mais; Kanumuri, Viswas; Al Aqqad, Waseem; Albataineh, Hisham; ",Machine learning based analysis of cyber-attacks targeting smart grid infrastructure,International Conference on Advances in Computing Research,,,334-349,2024,Springer
"Patel, Ahmed; Alhussian, Hitham; Pedersen, Jens Myrup; Bounabat, Bouchaib; Júnior, Joaquim Celestino; Katsikas, Sokratis; ",A nifty collaborative intrusion detection and prevention architecture for smart grid ecosystems,Computers & Security,64,,92-109,2017,Elsevier
"Ruan, Jiaqi; Fan, Gang; Zhu, Yifan; Liang, Gaoqi; Zhao, Junhua; Wen, Fushuan; Dong, Zhao Yang; ",Super-resolution perception assisted spatiotemporal graph deep learning against false data injection attacks in smart grid,IEEE Transactions on Smart Grid,14,5,4035-4046,2023,IEEE
"Ferrag, Mohamed Amine; Shu, Lei; Friha, Othmane; Yang, Xing; ","Cyber security intrusion detection for agriculture 4.0: Machine learning-based solutions, datasets, and future directions",IEEE/CAA Journal of Automatica Sinica,9,3,407-436,2021,IEEE
"Starke, Allen; McNair, Janise; Trevizan, Rodrigo; Bretas, Arturo; Peeples, Joshua; Zare, Alina; ",Toward resilient smart grid communications using distributed sdn with ml-based anomaly detection,"Wired/Wireless Internet Communications: 16th IFIP WG 6.2 International Conference, WWIC 2018, Boston, MA, USA, June 18–20, 2018, Proceedings",,,83-94,2018,Springer
"Farrukh, Yasir Ali; Ahmad, Zeeshan; Khan, Irfan; Elavarasan, Rajvikram Madurai; ",A sequential supervised machine learning approach for cyber attack detection in a smart grid system,2021 North American Power Symposium (NAPS),,,6-Jan,2021,IEEE
"Wang, Pengyuan; Govindarasu, Manimaran; ",Cyber-physical anomaly detection for power grid with machine learning,Industrial Control Systems Security and Resiliency: Practice and Theory,,,31-49,2019,Springer
"Alani, Mohammed M; Baker, Thar; ",A survey of smart grid intrusion detection datasets,Workshop Proceedings of the 19th International Conference on Intelligent Environments (IE2023),,,13-May,2023,IOS Press
"Bodström, Tero; Hämäläinen, Timo; ",State of the art literature review on network anomaly detection with deep learning,"Internet of Things, Smart Spaces, and Next Generation Networks and Systems: 18th International Conference, NEW2AN 2018, and 11th Conference, ruSMART 2018, St. Petersburg, Russia, August 27–29, 2018, Proceedings 18",,,64-76,2018,Springer
"Singh, Vivek Kumar; Ebrahem, Haythem; Govindarasu, Manimaran; ",Security evaluation of two intrusion detection systems in smart grid SCADA environment,2018 North American Power Symposium (NAPS),,,6-Jan,2018,IEEE
"Muthubalaji, Sankaramoorthy; Muniyaraj, Naresh Kumar; Rao, Sarvade Pedda Venkata Subba; Thandapani, Kavitha; Mohan, Pasupuleti Rama; Somasundaram, Thangam; Farhaoui, Yousef; ",An intelligent big data security framework based on aefs-kenn algorithms for the detection of cyber-attacks from smart grid systems,Big Data Mining and Analytics,7,2,399-418,2024,TUP
"Yaseen, Asad; ",The role of machine learning in network anomaly detection for cybersecurity,Sage Science Review of Applied Machine Learning,6,8,16-34,2023,
"Hegazy, Hanem I; Tag Eldien, Adly S; Tantawy, Mohsen M; Fouda, Mostafa M; TagElDien, Heba A; ",Real-time locational detection of stealthy false data injection attack in smart grid: Using multivariate-based multi-label classification approach,Energies,15,14,5312,2022,MDPI
"Abdelkhalek, Moataz; Govindarasu, Manimaran; ",Ml-based anomaly detection system for der dnp3 communication in smart grid,2022 IEEE International Conference on Cyber Security and Resilience (CSR),,,209-214,2022,IEEE
"Saqib, Sheikh Muhammad; Mazhar, Tehseen; Iqbal, Muhammad; Shahzad, Tariq; Almogren, Ahmad; Ouahada, Khmaies; Hamam, Habib; ",Deep learning-based electricity theft prediction in non-smart grid environments,Heliyon,10,15,,2024,Elsevier
"Chatzimiltis, Sotiris; Shojafar, Mohammad; Mashhadi, Mahdi Boloursaz; Tafazolli, Rahim; ",A collaborative software defined network-based smart grid intrusion detection system,IEEE open journal of the Communications Society,5,,700-711,2024,IEEE
"Thilakarathne, Navod Neranjan; Kagita, Mohan Krishna; Lanka, Surekha; Ahmad, Hussain; ","Smart grid: a survey of architectural elements, machine learning and deep learning applications and future directions",arXiv preprint arXiv:2010.08094,,,,2020,
"Jeyaraj, Pandia Rajan; Rajan Samuel Nadar, Edward; Mihet-Popa, Lucian; ",Deep-block network for cyberattack mitigation and assessment in smart grid power system with resilience indices,Electric Power Components and Systems,,,17-Jan,2023,Taylor & Francis
"Gupta, Praveen K; Singh, Neeraj K; Mahajan, Vasundhara; ",Intrusion detection in cyber-physical layer of smart grid using intelligent loop based artificial neural network technique,International Journal of Engineering,34,5,1250-1256,2021,
"Radoglou-Grammatikis, Panagiotis I; Sarigiannidis, Panagiotis G; ",Securing the smart grid: A comprehensive compilation of intrusion detection and prevention systems,Ieee Access,7,,46595-46620,2019,IEEE
"Hamdi, Najet; ",Investigating the Efficiency of a Federated Learning-Based Intrusion Detection System for Smart Grid,SN Computer Science,6,3,14-Jan,2025,Springer
"Cultice, Tyler; Ionel, Dan; Thapliyal, Himanshu; ",Smart home sensor anomaly detection using convolutional autoencoder neural network,2020 IEEE International Symposium on Smart Electronic Systems (iSES)(Formerly iNiS),,,67-70,2020,IEEE
"Zhang, Ke; Hu, Zhi; Zhan, Yufei; Wang, Xiaofen; Guo, Keyi; ",A smart grid AMI intrusion detection strategy based on extreme learning machine,Energies,13,18,4907,2020,MDPI
"Presekal, Alfan; Ştefanov, Alexandru; Rajkumar, Vetrivel Subramaniam; Palensky, Peter; ",Attack graph model for cyber-physical power systems using hybrid deep learning,IEEE Transactions on Smart Grid,14,5,4007-4020,2023,IEEE
"Mukherjee, Debottam; Chakraborty, Samrat; Abdelaziz, Almoataz Y; El-Shahat, Adel; ",Deep learning-based identification of false data injection attacks on modern smart grids,Energy Reports,8,,919-930,2022,Elsevier
"Yu, Wei; An, Dou; Griffith, David; Yang, Qingyu; Xu, Guobin; ",Towards statistical modeling and machine learning based energy usage forecasting in smart grid,ACM SIGAPP Applied Computing Review,15,1,16-Jun,2015,"ACM New York, NY, USA"
"Wen, Xin; Shen, Qi; Zheng, Wenxuan; Zhang, Haodong; ",AI-driven solar energy generation and smart grid integration: A holistic approach to enhancing renewable energy efficiency,Academia Nexus Journal,3,2,,2024,
"Vijayanand, R; Devaraj, D; Kannapiran, B; ",Support vector machine based intrusion detection system with reduced input features for advanced metering infrastructure of smart grid,2017 4th International conference on advanced computing and communication systems (ICACCS),,,7-Jan,2017,IEEE
"Ferrag, Mohamed Amine; Babaghayou, Messaoud; Yazici, Mehmet Akif; ",Cyber security for fog-based smart grid SCADA systems: Solutions and challenges,Journal of Information Security and Applications,52,,102500,2020,Elsevier
"Gomathi, V; Hemavathi, N; Valarmathi, R; Madhurima, K; Varshmitha, C; Haarika, L; ",Naive bayes based intrusion detection scheme for false data injection attack detection in smart grid,2023 International Conference on Emerging Research in Computational Science (ICERCS),,,6-Jan,2023,IEEE
"Banik, Shampa; Banik, Trapa; Banik, Shudipta; ",Intrusion detection system in smart grid-a review,,,,,2023,Preprints
"Babay, Amy; Schultz, John; Tantillo, Thomas; Beckley, Samuel; Jordan, Eamon; Ruddell, Kevin; Jordan, Kevin; Amir, Yair; ",Deploying intrusion-tolerant scada for the power grid,2019 49th Annual IEEE/IFIP International Conference on Dependable Systems and Networks (DSN),,,328-335,2019,IEEE
"Tufail, Shahid; Parvez, Imtiaz; Batool, Shanzeh; Sarwat, Arif; ","A survey on cybersecurity challenges, detection, and mitigation techniques for the smart grid",Energies,14,18,5894,2021,MDPI
"Gubbi, Kevin Immanuel; Wang, Han; Sayadi, Hossein; Homayoun, Houman; ",Machine learning based malware detection for secure smart grids,2022 11th International conference on renewable energy research and application (ICRERA),,,330-334,2022,IEEE
"JABER, AQEEL S; HUSSEIN, YASEEIN SOUBHI; AL-NAJJAR, MUDHAR MUSTAFA ABDUL KADER; ",A Review on the Evaluation of Feature Selection Using Machine Learning for Cyber-Attack Detection in Smart Grid,,,,,2024,
"Wei, Qiyu; Ma, Rui; Wang, Yiqiu; Chen, Mingyu; Sun, Yanru; Liu, Mingjie; Lin, Xiaoyong; ",Glad: A method of microgrid anomaly detection based on esd in smart power grid,"2020 IEEE international conference on power, intelligent computing and systems (ICPICS)",,,103-107,2020,IEEE
"Abdel-Basset, Mohamed; Moustafa, Nour; Hawash, Hossam; ",Privacy-preserved generative network for trustworthy anomaly detection in smart grids: A federated semisupervised approach,IEEE transactions on industrial informatics,19,1,995-1005,2022,IEEE
"Khoei, Tala Talaei; Kaabouch, Naima; ",ACapsule Q-learning based reinforcement model for intrusion detection system on smart grid,2023 IEEE International Conference on Electro Information Technology (eIT),,,333-339,2023,IEEE
"Jokar, Paria; Leung, Victor CM; ",Intrusion detection and prevention for ZigBee-based home area networks in smart grids,IEEE Transactions on Smart Grid,9,3,1800-1811,2016,IEEE
"Roy, Dipanjan Das; Shin, Dongwan; ",Network intrusion detection in smart grids for imbalanced attack types using machine learning models,2019 international conference on information and communication technology convergence (ICTC),,,576-581,2019,IEEE
"Cui, Mingjian; Wang, Jianhui; Chen, Bo; ",Flexible machine learning-based cyberattack detection using spatiotemporal patterns for distribution systems,IEEE Transactions on Smart Grid,11,2,1805-1808,2020,IEEE
"Dilraj, M; Nimmy, K; Sankaran, Sriram; ",Towards behavioral profiling based anomaly detection for smart homes,TENCON 2019-2019 IEEE Region 10 Conference (TENCON),,,1258-1263,2019,IEEE
"Omol, Edwin; Mburu, Lucy; Onyango, Dorcas; ",Anomaly detection in IoT sensor data using machine learning techniques for predictive maintenance in smart grids,"International Journal of Science, Technology & Management",5,1,201-210,2024,
"Sahu, Pranav; Vyas, OP; Vyas, Ranjana; ",SGridNet: An Efficient and Optimize Bagging Deep Learning for Intrusion Detection in Smart Grid Networks,2024 15th International Conference on Computing Communication and Networking Technologies (ICCCNT),,,7-Jan,2024,IEEE
"Pasumponthevar, Mohana Karthiga; Jeyaraj, Pandia Rajan; ",Kalman reinforcement learning-based provably secured smart grid false data intrusion detection and resilience enhancement,Electrical Engineering,107,3,2883-2901,2025,Springer
"Fasogbon, Samson Kolawole; Shaibu, Samuel Adavize; ",Energy grid optimization using deep machine learning: A review of challenges and opportunities,Preprints,,,2023061874,2023,
"Upadhyay, Darshana; Manero, Jaume; Zaman, Marzia; Sampalli, Srinivas; ",Gradient boosting feature selection with machine learning classifiers for intrusion detection on power grids,IEEE Transactions on Network and Service Management,18,1,1104-1116,2020,IEEE
"Khalif, Abdirizak Abdullahi; Warsame, Abubakar Abdi; Mohamed, Jafar Ismail; Mohamoud, Hafso Mohamed; Hirsi, Abdinasir; Audah, Lukman; Omar, Mohamed Osman; Abdirahman, Abdiaziz Mohamed; Ahmed, Mohamed Elmi; ",Enhancing Smart Grid Security with Machine Learning: A Comparative Study of Supervised and Unsupervised Techniques,2025 International Conference on New Trends in Computing Sciences (ICTCS),,,466-471,2025,IEEE
"Gaggero, Giovanni Battista; Girdinio, Paola; Marchese, Mario; ",Artificial Intelligence and Physics-Based Anomaly Detection in the Smart Grid: A Survey,IEEE Access,,,,2025,IEEE
"Li, Yuancheng; Qiu, Rixuan; Jing, Sitong; ",Intrusion detection system using Online Sequence Extreme Learning Machine (OS-ELM) in advanced metering infrastructure of smart grid,PloS one,13,2,e0192216,2018,"Public Library of Science San Francisco, CA USA"
"Mahi-al-Rashid, Abrar; Hossain, Fahmid; Anwar, Adnan; Azam, Sami; ",False data injection attack detection in smart grid using energy consumption forecasting,Energies,15,13,4877,2022,MDPI
"Talukder, Md Jakaria; Nabil, Saeed Hasan; Hossain, Md Shakhawat; Ahsan, MS; ",Smooth Switching Control for Power System-Integration with Deep Learning and Cybersecurity,International Journal of Advanced Engineering Technologies and Innovations,1,2,293-313,2024,
"Zhang, Yichi; Wang, Lingfeng; Sun, Weiqing; Green II, Robert C; Alam, Mansoor; ",Distributed intrusion detection system in a multi-layer network architecture of smart grids,IEEE Transactions on Smart Grid,2,4,796-808,2011,IEEE
"Achaal, Batoul; Adda, Mehdi; Berger, Maxime; Ibrahim, Hussein; Awde, Ali; ","Study of smart grid cyber-security, examining architectures, communication networks, cyber-attacks, countermeasure techniques, and challenges",Cybersecurity,7,1,10,2024,Springer
"Chatzimiltis, Sotiris; Shojafar, Mohammad; Tafazolli, Rahim; ",A distributed intrusion detection system for future smart grid metering network,ICC 2023-IEEE International Conference on Communications,,,3339-3344,2023,IEEE
"Fadhil, Tameem Hadi; Al-Karkhi, Mustafa I; Al-Haddad, Luttfi A; ",Legal and Communication Challenges in Smart Grid Cybersecurity: Classification of Network Resilience Under Cyber Attacks Using Machine Learning,Journal of Communications,20,2,,2025,
"Grant, Leonardo; Latchman, Haniph; Alli, Kolapo; ",Detection of electricity theft in developing countries-A machine learning approach,Trends in Computer Science and Information Technology,8,2,038-049,2023,
"Koshy, Subin; Rahul, S; Sunitha, R; Cheriyan, Elizabeth P; ",Smart grid–based big data analytics using machine learning and artificial intelligence: A survey,Artif. Intell. Internet Things Renew. Energy Syst,12,,241,2021,
"Alsirhani, Amjad; Alshahrani, Mohammed Mujib; Hassan, Ahmed M; Taloba, Ahmed I; Abd El-Aziz, Rasha M; Samak, Ahmed H; ",Implementation of African vulture optimization algorithm based on deep learning for cybersecurity intrusion detection,Alexandria Engineering Journal,79,,105-115,2023,Elsevier
"Ijeh, VO; Morsi, WG; ",Smart grid cyberattack types classification: A fine tree bagging-based ensemble learning approach with feature selection,"Sustainable Energy, Grids and Networks",38,,101291,2024,Elsevier
"Efiong, John Edet; Akinsola, Jide Ebenezer Taiwo; Akinyemi, Bodunde Odunola; Olajubu, Emmanuel Ajayi; Aderounmu, Ganiyu Adesola; ",A contrived dataset of substation automation for cybersecurity research in the smart grid networks based on IEC61850,TELKOMNIKA (Telecommunication Computing Electronics and Control),22,5,1320-1330,2024,
"Kang, BooJoong; McLaughlin, Kieran; Sezer, Sakir; ",Towards a stateful analysis framework for smart grid network intrusion detection,4th International Symposium for ICS & SCADA Cyber Security Research 2016,,,,2016,BCS Learning & Development
"Omitaomu, Olufemi A; Niu, Haoran; ",Artificial intelligence techniques in smart grid: A survey,Smart Cities,4,2,548-568,2021,MDPI
"Waghmare, Sumit; Kazi, Faruk; Singh, Navdeep; ",Data driven approach to attack detection in a cyber-physical smart grid system,2017 Indian control conference (ICC),,,271-276,2017,IEEE
"Pan, Shengyi; Morris, Thomas; Adhikari, Uttam; ",Developing a hybrid intrusion detection system using data mining for power systems,IEEE Transactions on Smart Grid,6,6,3104-3113,2015,IEEE
"Wang, Kebei; Govindarasu, Manimaran; ",FGSM-based Synthetic Data Generation Technique and Application to Anomaly Detection in Smart Grid,2024 IEEE Power & Energy Society General Meeting (PESGM),,,5-Jan,2024,IEEE
"Zibaeirad, Arastoo; Koleini, Farnoosh; Bi, Shengping; Hou, Tao; Wang, Tao; ","A comprehensive survey on the security of smart grid: Challenges, mitigations, and future research opportunities",arXiv preprint arXiv:2407.07966,,,,2024,
"Rituraj, Rituraj; ",An investigation into the methods and applications of deep learning in smart grid,2022 IEEE 10th Jubilee International Conference on Computational Cybernetics and Cyber-Medical Systems (ICCC),,,000351-000358,2022,IEEE
"AN, V; BS, P; ",Towards Early Cyberattack Discrimination in the Smart Grid Using Statistical Approach with Machine Learning Techniques,,,,,2023,
"Zarpelão, Bruno Bogaz; Barbon, Sylvio; Acarali, Dilara; Rajarajan, Muttukrishnan; ",How machine learning can support cyberattack detection in smart grids,"Artificial Intelligence Techniques for a Scalable Energy Transition: Advanced Methods, Digital Technologies, Decision Support Tools, and Applications",,,225-258,2020,Springer
"Jow, Julius; Xiao, Yang; Han, Wenlin; ",A survey of intrusion detection systems in smart grid,International Journal of Sensor Networks,23,3,170-186,2017,Inderscience Publishers (IEL)
"Rashid, Abdur; Biswas, Parag; Nasim, MD; Gupta, Kishor Datta; ",Power Plays: Unleashing Machine Learning Magic in Smart Grids,arXiv preprint arXiv:2410.15423,,,,2024,
"Jafari, Mina; Kavousi-Fard, Abdollah; Chen, Tao; Karimi, Mazaher; ","A review on digital twin technology in smart grid, transportation system and smart city: Challenges and future",IEEE Access,11,,17471-17484,2023,IEEE
"Talaei Khoei, Tala; Kaabouch, Naima; ",A comparative analysis of supervised and unsupervised models for detecting attacks on the intrusion detection systems,Information,14,2,103,2023,MDPI
"Musgrave, Preston C; ",Anomaly detection for the naval smart grid system using autoencoder neural networks,,,,,2022,"Monterey, CA; Naval Postgraduate School"
"Ness, Stephanie; ",Enhancing Smart Grid Reliability: Fault Detection in Phasor Measurement Unit Images with Deep Learning,IEEE Access,,,,2025,IEEE
"Hosen, Md Sabbir; Silmee, Sidratul Montaha; Shamim, Md Mehadi Hasan; ",Dynamic Spectrum Allocation and Pricing in CR-NAN for Smart Grid Using Machine Learning Techniques,"2024 IEEE International Conference on Information Technology, Electronics and Intelligent Communication Systems (ICITEICS)",,,5-Jan,2024,IEEE
"Rakas, Slavica Boštjančič; Timčenko, Valentina; Kabović, Milenko; Kabović, Anka; ",Intrusion detection systems in smart grid,2022 21st International Symposium INFOTEH-JAHORINA (INFOTEH),,,6-Jan,2022,IEEE
"Hamann, Hendrik F; Brunschwiler, Thomas; Gjorgiev, Blazhe; Martins, Leonardo SA; Puech, Alban; Varbella, Anna; Weiss, Jonas; Bernabe-Moreno, Juan; Massé, Alexandre Blondin; Choi, Seong; ",A perspective on foundation models for the electric power grid,arXiv preprint arXiv:2407.09434,,,,2024,
"Mantere, Matti; Noponen, Sami; Olli, Pia; Salonen, Jarno; ",Network security monitoring in a small-scale smart-grid laboratory,"2014 Ninth International Conference on Availability, Reliability and Security",,,310-316,2014,IEEE
"Hossain, Eklas; Khan, Imtiaj; Un-Noor, Fuad; Sikander, Sarder Shazali; Sunny, Md Samiul Haque; ","Application of big data and machine learning in smart grid, and associated security concerns: A review",Ieee Access,7,,13960-13988,2019,IEEE
"Babu, B Ramesh; Reddy, Gurram Vijendar; Pavankumar, P; Nagaraj, A; Al-Farouni, Mohammed; ",Smart Grids Intrusion Detection Using Cybersecurity Resilience for Reinforcement Deep Learning,2025 International Conference on Computational Innovations and Engineering Sustainability (ICCIES),,,6-Jan,2025,IEEE
"Feng, Longji; Xu, Shu; Zhang, Linghao; Wu, Jing; Zhang, Jidong; Chu, Chengbo; Wang, Zhenyu; Shi, Haoyang; ","Anomaly detection for electricity consumption in cloud computing: framework, methods, applications, and challenges",EURASIP Journal on Wireless Communications and Networking,2020,1,194,2020,Springer
"Udo, Wisdom Samuel; Kwakye, Jephta Mensah; Ekechukwu, Darlington Eze; Ogundipe, Olorunshogo Benjamin; ",Smart grid innovation: machine learning for real-time energy management and load balancing,International Journal of Smart Grid Applications,22,4,405-423,2024,
"Umer, Muhammad Azmi; Junejo, Khurum Nazir; Jilani, Muhammad Taha; Mathur, Aditya P; ","Machine learning for intrusion detection in industrial control systems: Applications, challenges, and recommendations",International Journal of Critical Infrastructure Protection,38,,100516,2022,Elsevier
"Wang, Defu; Wang, Xiaojuan; Zhang, Yong; Jin, Lei; ",Detection of power grid disturbances and cyber-attacks based on machine learning,Journal of information security and applications,46,,42-52,2019,Elsevier
"Tirulo, Aschalew; Chauhan, Siddhartha; Issac, Biju; ",Ensemble LOF-based detection of false data injection in smart grid demand response system,Computers and Electrical Engineering,116,,109188,2024,Elsevier
"Nafees, Muhammad Nouman; Saxena, Neetesh; Cardenas, Alvaro; Grijalva, Santiago; Burnap, Pete; ",Smart grid cyber-physical situational awareness of complex operational technology attacks: A review,ACM Computing Surveys,55,10,Jan-36,2023,"ACM New York, NY"
"Mbey, Camille Franklin; Bikai, Jacques; Yem Souhe, Felix Ghislain; Foba Kakeu, Vinny Junior; Boum, Alexandre Teplaira; ",Electricity Theft Detection in a Smart Grid Using Hybrid Deep Learning‐Based Data Analysis Technique,Journal of Electrical and Computer Engineering,2024,1,6225510,2024,Wiley Online Library
"Goyal, Samarth; Goyal, Ishita; Ahmed, Tanveer; ",A Review on Machine Learning Techniques in IoT-Based Smart Grid Applications,International Conference on Recent Trends in Image Processing and Pattern Recognition,,,151-164,2023,Springer
"Banik, Shampa; Banik, Trapa; Hossain, SM Mostaq; Saha, Sohag Kumar; ",Implementing man-in-the-middle attack to investigate network vulnerabilities in smart grid test-bed,2023 IEEE World AI IoT Congress (AIIoT),,,0345-0351,2023,IEEE
"Bouramdane, Ayat-Allah; ","Cyberattacks in smart grids: challenges and solving the multi-criteria decision-making for cybersecurity options, including ones that incorporate artificial intelligence, using an analytical hierarchy process",Journal of Cybersecurity and Privacy,3,4,662-705,2023,MDPI
"Ogu, Reginald E; Ikerionwu, Charles I; Ayogu, Ikechukwu I; ",Leveraging artificial intelligence of things for anomaly detection in advanced metering infrastructures,2020 IEEE 2nd international conference on cyberspac (CYBER NIGERIA),,,16-20,2021,IEEE
"Jithish, J; Mahalingam, Nagarajan; Seng, Yeo Kiat; ",Empowering Smart Grid Security: Towards Federated Learning in 6G-Enabled Smart Grids using Cloud,,,,,2024,
"You, Huimin; ",Safe Operation Management of Urban Smart Grid Based on Deep Learning,Mobile Information Systems,2022,1,4184941,2022,Wiley Online Library
"Khoei, Tala Talaei; Ismail, Shereen; Kaabouch, Naima; ",Boosting-based models with tree-structured parzen estimator optimization to detect intrusion attacks on smart grid,"2021 IEEE 12th Annual Ubiquitous Computing, Electronics & Mobile Communication Conference (UEMCON)",,,0165-0170,2021,IEEE
"Nemade, Bhushankumar; Kishor Maharana, Kiran; Kulkarni, Vikram; Srivardhankumar, Ch; Shelar, Mahendra; ",Revolutionizing smart grid security: a holistic cyber defence strategy,Frontiers in Artificial Intelligence,7,,1476422,2024,Frontiers Media SA
"Mochinski, Marcos Alberto; Biczkowski, Mauricio; Chueiri, Ivan Jorge; Jamhour, Edgard; Zambenedetti, Voldi Costa; Pellenz, Marcelo Eduardo; Enembreck, Fabrício; ",Developing an intelligent decision support system for large-scale smart grid communication network planning,Knowledge-Based Systems,283,,111159,2024,Elsevier
"Naaj, Firas Abou; Himeur, Yassine; Mansoor, Wathiq; Atalla, Shadi; ",Intrusion Detection Using Time-Series Imaging and Transfer Learning in Smart Grid Environments,The Proceedings of the International Conference on Smart City Applications,,,585-595,2023,Springer
"Kiasari, Mahmoud; Ghaffari, Mahdi; Aly, Hamed H; ",A comprehensive review of the current status of smart grid technologies for renewable energies integration and future trends: The role of machine learning and energy storage systems,Energies,17,16,4128,2024,MDPI
"Fahim, Khairul Eahsun; Islam, Md Rakibul; Shihab, Nahid Ahmed; Olvi, Maria Rahman; Al Jonayed, Khondaker Labib; Das, Adri Shankar; ",Transformation and future trends of smart grid using machine and deep learning: a state-of-the-art review,International Journal of Applied,13,3,583-593,2024,
"Aslam, S; Tabita, G; Krishna, JSV Gopala; Palav, Manesh R; ",Efficient Power Grid Management Using Quantum Computing and Machine Learning,Real-World Challenges in Quantum Electronics and Machine Computing,,,43-57,2024,IGI Global
"Sarker, Md Al Amin; Shanmugam, Bharanidharan; Azam, Sami; Thennadil, Suresh; ",Enhancing smart grid load forecasting: An attention-based deep learning model integrated with federated learning and XAI for security and interpretability,Intelligent Systems with Applications,23,,200422,2024,Elsevier
"Wasumwa, Sharmwey A; ",Safeguarding the future: A comprehensive analysis of security measures for smart grids,World Journal of Advanced Research and Reviews,19,1,847-871,2023,World Journal of Advanced Research and Reviews
"Naiho, Henry Nwapali Ndidi; Layode, Oluwabunmi; Adeleke, Gbenga Sheriff; Udeh, Ezekiel Onyekachukwu; Labake, Talabi Temitope; ",Addressing cybersecurity challenges in smart grid technologies: Implications for sustainable energy infrastructure,Engineering Science & Technology Journal,5,6,1995-2015,2024,
"Harrou, Fouzi; Bouyeddou, Benamar; Dairi, Abdelkader; Sun, Ying; ",Exploiting autoencoder-based anomaly detection to enhance cybersecurity in power grids,Future Internet,16,6,184,2024,MDPI
"Shukla, Saurabh; Thakur, Subhasis; Breslin, John G; ",Anomaly detection in smart grid network using FC-based blockchain model and linear SVM,"International Conference on Machine Learning, Optimization, and Data Science",,,157-171,2021,Springer
"Tan, Heng Chuan; Hossain, Md Adeeb; Mashima, Daisuke; Kalbarczyk, Zbigniew; ",High-fidelity Intrusion Detection Datasets for Smart Grid Cybersecurity Research,"2024 IEEE International Conference on Communications, Control, and Computing Technologies for Smart Grids (SmartGridComm)",,,340-346,2024,IEEE
"Guha, Dibyajyoti; Chatterjee, Rajdeep; Sikdar, Biplab; ",Anomaly detection using lstm-based variational autoencoder in unsupervised data in power grid,IEEE Systems Journal,17,3,4313-4323,2023,IEEE
"Mumrez, Aneeqa; Sánchez, Gustavo; Elbez, Ghada; Hagenmeyer, Veit; ",On evasion of machine learning-based intrusion detection in smart grids,"2023 IEEE International Conference on Communications, Control, and Computing Technologies for Smart Grids (SmartGridComm)",,,7-Jan,2023,IEEE
"Thakkar, Ankit; Lohiya, Ritika; ","A review on machine learning and deep learning perspectives of IDS for IoT: recent updates, security issues, and challenges",Archives of Computational Methods in Engineering,28,4,3211-3243,2021,Springer
"Mohammadi, Mohammadreza; Shrestha, Rakesh; Sinaei, Sima; ",Integrating Federated Learning and Differential Privacy for Secure Anomaly Detection in Smart Grids,Proceedings of the 2024 8th International Conference on Cloud and Big Data Computing,,,60-66,2024,
"Lilhore, Umesh Kumar; Dalal, Surjeet; Radulescu, Magdalena; Barbulescu, Marinela; ",Smart grid stability prediction model using two-way attention based hybrid deep learning and MPSO,Energy Exploration & Exploitation,43,1,142-168,2025,"SAGE Publications Sage UK: London, England"
"Hu, Chengming; Yan, Jun; Liu, Xue; ",Reinforcement learning-based adaptive feature boosting for smart grid intrusion detection,IEEE Transactions on Smart Grid,14,4,3150-3163,2022,IEEE
"Gao, Ziran; Illindala, Mahesh; Wang, Jiankang; ",Intrusion Detection System with Updated Structure and Feature Selection Algorithm for Man-In-The-Middle Attacks in the Smart Grid,2023 IEEE Industry Applications Society Annual Meeting (IAS),,,6-Jan,2023,IEEE
"Jahangir, Hamidreza; Lakshminarayana, Subhash; Maple, Carsten; Epiphaniou, Gregory; ",A deep-learning-based solution for securing the power grid against load altering threats by IoT-enabled devices,IEEE Internet of Things Journal,10,12,10687-10697,2023,IEEE
"Choi, Kyung; Chen, Xinyi; Li, Shi; Kim, Mihui; Chae, Kijoon; Na, JungChan; ",Intrusion detection of NSM based DoS attacks using data mining in smart grid,Energies,5,10,4091-4109,2012,MDPI
"Yang, Weiyong; Gao, Peng; Huang, Hao; Wei, Xingshen; Zhang, Haotian; Qu, Zhihao; ",Advanced persistent threat detection in smart grid clouds using spatiotemporal context-aware graph embedding,GLOBECOM 2022-2022 IEEE global communications conference,,,534-540,2022,IEEE
"Husnoo, Muhammad Akbar; Anwar, Adnan; Reda, Haftu Tasew; Hosseinzadeh, Nasser; Islam, Shama Naz; Mahmood, Abdun Naser; Doss, Robin; ",FedDiSC: A computation-efficient federated learning framework for power systems disturbance and cyber attack discrimination,Energy and AI,14,,100271,2023,Elsevier
"Parihar, Veena; Malik, Ayasha; Bhushan, Bharat; Bhattacharya, Pronaya; Shankar, Achyut; ",Innovative smart grid solutions for fostering data security and effective privacy preservation,Data Analytics for Smart Grids Applications—A Key to Smart City Development,,,351-380,2023,Springer
"da Conceição Aberto, Hermenegildo; Dembele, Jean Marie; Diop, Idy; Bah, Alassane; ",Review of Intrusion Detection Systems for Supervisor Control and Data Acquisition: A Machine Learning Approach,"International Conference on Science, Engineering Management and Information Technology",,,28-51,2023,Springer
"Baba, Abdullatif; Alothman, Basil; ","Safeguarding a flying robot, designed to investigate the state of Smart Grid, against cyberattacks",2024 20th IEEE/ASME International Conference on Mechatronic and Embedded Systems and Applications (MESA),,,6-Jan,2024,IEEE
"Sudha, E; Aggarwal, A Saurabh; Kalpana, B; Reddy, M Nirmala; Almusawi, Muntather; Kumar, Jambi Ratna Raja; ",A Review of Smart Grid Management Systems Using Machine Learning Algorithms for Efficient Energy Distribution,E3S Web of Conferences,540,,8009,2024,EDP Sciences
"Naderi, Ehsan; Asrari, Arash; ",Toward detecting cyberattacks targeting modern power grids: A deep learning framework,2022 IEEE World AI IoT Congress (AIIoT),,,357-363,2022,IEEE
"Ezeddin, Maymouna; Albaseer, Abdullatif; Abdallah, Mohamed; Bayhan, Sertac; Qaraqe, Marwa; Al-Kuwari, Saif; ",Efficient deep learning based detector for electricity theft generation system attacks in smart grid,2022 3rd International Conference on Smart Grid and Renewable Energy (SGRE),,,6-Jan,2022,IEEE
"Boumkheld, Nadia; Ghogho, Mounir; El Koutbi, Mohammed; ",Intrusion detection system for the detection of blackhole attacks in a smart grid,2016 4th International Symposium on Computational and Business Intelligence (ISCBI),,,108-111,2016,IEEE
"Andronikidis, Georgios; Eleftheriadis, Charis; Batzos, Zisis; Kyranou, Konstantinos; Maropoulos, Nikolaos; Sargsyan, Gohar; Grammatikis, Panagiotis Radoglou; Sarigiannidis, Panagiotis; ",AI-Driven Anomaly and Intrusion Detection in Energy Systems: Current Trends and Future Direction,2024 IEEE International Conference on Cyber Security and Resilience (CSR),,,777-782,2024,IEEE
"Abir, SM Abu Adnan; Anwar, Adnan; Choi, Jinho; Kayes, ASMn; ",Iot-enabled smart energy grid: Applications and challenges,IEEE access,9,,50961-50981,2021,IEEE
"Paul, Bishowjit; Sarker, Auvizit; Abhi, Sarafat Hussain; Das, Sajal Kumar; Ali, Md Firoj; Islam, Md Manirul; Islam, Md Robiul; Moyeen, Sumaya Ishrat; Badal, Md Faisal Rahman; Ahamed, Md Hafiz; ",Potential smart grid vulnerabilities to cyber attacks: Current threats and existing mitigation strategies,Heliyon,10,19,,2024,Elsevier
"Ghadi, Yazeed Yasin; Mazhar, Tehseen; Aurangzeb, Khursheed; Haq, Inayatul; Shahzad, Tariq; Laghari, Asif Ali; Anwar, Muhammad Shahid; ",Security risk models against attacks in smart grid using big data and artificial intelligence,PeerJ Computer Science,10,,e1840,2024,PeerJ Inc.
"Chandu, Hiranmaye Sarpana; ",Efficient Machine Learning Approaches for Energy Optimization in Smart Grid Systems,,,,,,vol
"Ravikumar, Gelli; Govindarasu, Manimaran; ","Machine Learning-Based and Physics-Based Attack Resilient Wide-Area Monitoring, Protection and Control Systems",Security and Resilience of Control Systems: Theory and Applications,,,203-224,2022,Springer
"Alsooj, Mohammed Abdulla JM; ",Improving Trainability of ML-based Intrusion Detection Models Through Data Augmentation using Generative Adversarial Network (GAN) in a Smart Grid Environment,,,,,2024,Hamad Bin Khalifa University (Qatar)
"Hyder, Burhan; Ahmed, Arman; Mana, Priya; Edgar, Thomas; Niddodi, Shwetha; ",Leveraging High-Fidelity Datasets for Machine Learning-based Anomaly Detection in Smart Grids,2023 11th Workshop on Modelling and Simulation of Cyber-Physical Energy Systems (MSCPES),,,6-Jan,2023,IEEE
"Li, Yang; Wei, Xinhao; Li, Yuanzheng; Dong, Zhaoyang; Shahidehpour, Mohammad; ",Detection of false data injection attacks in smart grid: A secure federated deep learning approach,IEEE Transactions on Smart Grid,13,6,4862-4872,2022,IEEE
"Scholar, Ravinder; ",Optimizing Anomaly Detection in Smart Grids with Modified FDA and Dilated GRU-based Adaptive Residual RNN,,,,,2024,
"Singhal, Divya; Ahuja, Laxmi; Seth, Ashish; ",An insight into combating security attacks for smart grid,International Journal of Performability Engineering,18,7,512,2022,
"Sayghe, Ali; Hu, Yaodan; Zografopoulos, Ioannis; Liu, XiaoRui; Dutta, Raj Gautam; Jin, Yier; Konstantinou, Charalambos; ",Survey of machine learning methods for detecting false data injection attacks in power systems,IET Smart Grid,3,5,581-595,2020,Wiley Online Library
"Gaurav, Akshat; ",Cybersecurity in the Smart Grid: Detecting and Mitigating DDoS Attacks,,,,,2023,Insights2Techinfo
"Palmer, Matthew; Kathrine, G Jaspher W; Jebapriya, S; ",Comprehensive analysis of smart grid security with intelligent machine learning based framework,2021 7th International Conference on Advanced Computing and Communication Systems (ICACCS),1,,307-313,2021,IEEE
"Hyder, Burhan; Singh, Vivek Kumar; Govindarasu, Manimaran; Nuqui, Reynaldo; ",Machine learning-based cyber-physical anomaly detection in wide area voltage control systems,2022 IEEE Power & Energy Society Innovative Smart Grid Technologies Conference (ISGT),,,5-Jan,2022,IEEE
"Jena, Prasanta Kumar; Ghosh, Subhojit; Koley, Ebha; ",Identification of strategic sensor locations for intrusion detection and classification in smart grid networks,International Journal of Electrical Power & Energy Systems,139,,107970,2022,Elsevier
"Baxter, Jacob; Leger, Aaron St; ",Methodology for machine learning anomaly detection in phasor measurement unit data,2022 IEEE Kansas Power and Energy Conference (KPEC),,,4-Jan,2022,IEEE
"Zhang, Zhenyong; Liu, Mengxiang; Sun, Mingyang; Deng, Ruilong; Cheng, Peng; Niyato, Dusit; Chow, Mo-Yuen; Chen, Jiming; ",Vulnerability of machine learning approaches applied in iot-based smart grid: A review,IEEE Internet of Things Journal,11,11,18951-18975,2024,IEEE
"Raza, Asad; Memon, Shahzad; Nizamani, Muhammad Ali; Shah, Mahmood Hussain; ",Machine learning-based security solutions for critical cyber-physical systems,2022 10th International Symposium on Digital Forensics and Security (ISDFS),,,6-Jan,2022,IEEE
"Ding, Jianguo; Qammar, Attia; Zhang, Zhimin; Karim, Ahmad; Ning, Huansheng; ","Cyber threats to smart grids: Review, taxonomy, potential solutions, and future directions",Energies,15,18,6799,2022,MDPI
"Rabie, Osama Bassam J; Selvarajan, Shitharth; Alghazzawi, Daniyal; Kumar, Abhishek; Hasan, Syed; Asghar, Muhammad Zubair; ",A security model for smart grid SCADA systems using stochastic neural network,"IET Generation, Transmission & Distribution",17,20,4541-4553,2023,Wiley Online Library
"Mohanty, Dinesh; Sethi, Kamalakanta; Prasath, Sai; Rout, Rashmi Ranjan; Bera, Padmalochan; ",Intelligent intrusion detection system for smart grid applications,"2021 International Conference on Cyber Situational Awareness, Data Analytics and Assessment (CyberSA)",,,8-Jan,2021,IEEE
"Munir, Md Shirajum; Shetty, Sachin; Rawat, Danda B; ",Trustworthy artificial intelligence framework for proactive detection and risk explanation of cyber attacks in smart grid,2023 Winter Simulation Conference (WSC),,,636-647,2023,IEEE
"Ferrag, Mohamed Amine; Maglaras, Leandros; ",DeepCoin: A novel deep learning and blockchain-based energy exchange framework for smart grids,IEEE Transactions on Engineering Management,67,4,1285-1297,2019,IEEE
"Drayer, Elisabeth; Routtenberg, Tirza; ",Intrusion detection in smart grid measurement infrastructures based on principal component analysis,2019 IEEE Milan PowerTech,,,6-Jan,2019,IEEE
"Gupta, Brij B; Gaurav, Akshat; Attar, Razaz Waheeb; Arya, Varsha; Alhomoud, Ahmed; Chui, Kwok Tai; ",LSTM Based Neural Network Model for Anomaly Event Detection in Care-Independent Smart Homes.,CMES-Computer Modeling in Engineering & Sciences,140,3,,2024,
"Zhu, Ningyuan; Zhu, Chaoyang; Zhou, Liang; Zhu, Yayun; Zhang, Xiaojuan; ",Optimization of the random forest hyperparameters for power industrial control systems intrusion detection using an improved grid search algorithm,Applied Sciences,12,20,10456,2022,MDPI
"Hamann, Hendrik F; Gjorgiev, Blazhe; Brunschwiler, Thomas; Martins, Leonardo SA; Puech, Alban; Varbella, Anna; Weiss, Jonas; Bernabe-Moreno, Juan; Massé, Alexandre Blondin; Choi, Seong Lok; ",Foundation models for the electric power grid,Joule,8,12,3245-3258,2024,Elsevier
"Rouzbahani, Hossein Mohammadi; Faraji, Zahra; Amiri-Zarandi, Mohammad; Karimipour, Hadis; ",AI-enabled security monitoring in smart cyber physical grids,Security of Cyber-Physical Systems: Vulnerability and Impact,,,145-167,2020,Springer
"Rituraj, Rituraj; Ecker, Diana; Annamaria, Varkonyi Koczy; ",Data-driven methods of machine learning in modeling the smart grids,2022 IEEE 20th jubilee international symposium on intelligent systems and informatics (SISY),,,000089-000096,2022,IEEE
"El-Hadad, Rawan; Tan, Yi Fei; Tan, Wooi Nee; ",Anomaly prediction in electricity consumption using a combination of machine learning techniques,International Journal of Technology,13,6,1317-1325,2022,IJTech
"Zideh, Mehdi Jabbari; Chatterjee, Paroma; Srivastava, Anurag K; ","Physics-informed machine learning for data anomaly detection, classification, localization, and mitigation: A review, challenges, and path forward",IEEE Access,12,,4597-4617,2023,IEEE
"Zhang, Zecheng; ",Deep analysis of time series data for smart grid startup strategies: A transformer-lstm-pso model approach,arXiv preprint arXiv:2408.12129,,,,2024,
"KUNDU, ARNAV; ",DEEP LEARNING TECHNIQUES FOR DETECTION OF FALSE DATA INJECTION ATTACKS ON ELECTRIC POWER GRID,MASTER OF SCIENCE,,,,2019,
"Inayat, Usman; Zia, Muhammad Fahad; Mahmood, Sajid; Berghout, Tarek; Benbouzid, Mohamed; ","Cybersecurity enhancement of smart grid: Attacks, methods, and prospects",Electronics,11,23,3854,2022,MDPI
"Nevisi, Mohammad Mehdi Sharifi; Shoeibi, Mehrdad; Hernando-Gallego, Francisco; Martín, Diego; Khatami, Sarvenaz Sadat; ",An Evolutionary Deep Reinforcement Learning-Based Framework for Efficient Anomaly Detection in Smart Power Distribution Grids,Energies,18,10,2435,2025,MDPI
"Sen, Omer; Hassan, Tarek; Ulbig, Andreas; Henze, Martin; ",Enhancing scada security: Developing a host-based intrusion detection system to safeguard against cyberattacks,arXiv preprint arXiv:2402.14599,,,,2024,
"Sweeten, Jacob; Takiddin, Abdulrahman; Ismail, Muhammad; Refaat, Shady S; Atat, Rachad; ",Cyber-Physical GNN-Based Intrusion Detection in Smart Power Grids,"2023 IEEE International Conference on Communications, Control, and Computing Technologies for Smart Grids (SmartGridComm)",,,6-Jan,2023,IEEE
"Huseinović, Alvin; Mrdović, Saša; Bicakci, Kemal; Uludag, Suleyman; ",A survey of denial-of-service attacks and solutions in the smart grid,IEEE Access,8,,177447-177470,2020,IEEE
"Mbey, Camille Franklin; Yem Souhe, Felix Ghislain; Foba Kakeu, Vinny Junior; Boum, Alexandre Teplaira; ",A Novel Deep Learning‐Based Data Analysis Model for Solar Photovoltaic Power Generation and Electrical Consumption Forecasting in the Smart Power Grid,Applied Computational Intelligence and Soft Computing,2024,1,9257508,2024,Wiley Online Library
"Hong, Wei-Chih; Huang, Ding-Ray; Chen, Chih-Lung; Lee, Jung-San; ",Towards accurate and efficient classification of power system contingencies and cyber-attacks using recurrent neural networks,IEEE Access,8,,123297-123309,2020,IEEE
"ElKashlan, Mohamed; Elsayed, Mahmoud Said; Jurcut, Anca Delia; Azer, Marianne; ",A machine learning-based intrusion detection system for IoT electric vehicle charging stations (EVCSs),Electronics,12,4,1044,2023,MDPI
"Babu, Vignesh; Kumar, Rakesh; Nguyen, Hoang Hai; Nicol, David M; Palani, Kartik; Reed, Elizabeth; ",Melody: synthesized datasets for evaluating intrusion detection systems for the smart grid,2017 Winter Simulation Conference (WSC),,,1061-1072,2017,IEEE
"Yang, Yi; Littler, Tim; Sezer, Sakir; McLaughlin, Kieran; Wang, HF; ",Impact of cyber-security issues on smart grid,2011 2nd IEEE PES International Conference and Exhibition on Innovative Smart Grid Technologies,,,7-Jan,2011,IEEE
"Yilmaz, Yasin; Uludag, Suleyman; ",Mitigating IoT-based cyberattacks on the smart grid,2017 16th IEEE International Conference on Machine Learning and Applications (ICMLA),,,517-522,2017,IEEE
"Albarakati, Abdullah; Robillard, Chantale; Karanfil, Mark; Kassouf, Marthe; Debbabi, Mourad; Youssef, Amr; Ghafouri, Mohsen; Hadjidj, Rachid; ",Security monitoring of IEC 61850 substations using IEC 62351-7 network and system management,IEEE Transactions on Industrial Informatics,18,3,1641-1653,2021,IEEE
"Ghanbari, Maryam; Kinsner, Witold; ",Detecting DDoS attacks using polyscale analysis and deep learning,Research Anthology on Smart Grid and Microgrid Development,,,1078-1096,2022,IGI Global
"Jasmine Selvakumari Jeya, I; Ramya Devi, M; Sivaraju, SS; Sureshseetharaman; ",Simulation and modeling of deep adversarial probabilistic neural network-based intrusion prevention system in cloud computing for smart grid cyber physical systems,"International Journal of Modeling, Simulation, and Scientific Computing",,,2441017,2024,World Scientific
"Manias, Dimitris M; Saber, Ahmad Mohammad; Radaideh, Mohammed I; Gaber, Abdelrahman Tarek; Maniatakos, Michail; Zeineldin, Hatem; Svetinovic, Davor; El-Saadany, Ehab F; ","Trends in Smart Grid Cyber-Physical Security: Components, Threats and Solutions",IEEE Access,,,,2024,IEEE
"Ijeh, Victor Odion; ",Analysis and Techniques of Cyberattack Types Classification in Smart Grids,,,,,2023,University of Ontario Institute of Technology (Canada)
"Salehpour, Ali; Al-Anbagi, Irfan; ",Digital Substations: Cyberattack detection system for small modular reactor-based power plants.,IEEE Electrification Magazine,12,4,57-67,2024,IEEE
"Bouke, Mohamed Aly; Abdullah, Azizol; Cengiz, Korhan; Akleylek, Sedat; ",Application of BukaGini algorithm for enhanced feature interaction analysis in intrusion detection systems,PeerJ Computer Science,10,,e2043,2024,PeerJ Inc.
"Malik, M Imran; Ibrahim, Ahmed; Hannay, Peter; Sikos, Leslie F; ","Developing resilient cyber-physical systems: a review of state-of-the-art malware detection approaches, gaps, and future directions",Computers,12,4,79,2023,MDPI
"Babu, Jeyanth Rajan; ","Design, implementation, and field-testing of distributed intrusion detection system for smart grid SCADA network",,,,,2021,Iowa State University
"Ahmad, Tanveer; Madonski, Rafal; Zhang, Dongdong; Huang, Chao; Mujeeb, Asad; ","Data-driven probabilistic machine learning in sustainable smart energy/smart energy systems: Key developments, challenges, and future research opportunities in the context of smart grid paradigm",Renewable and Sustainable Energy Reviews,160,,112128,2022,Elsevier
"Menon, Divya Mohandas; Radhika, N; ",A Trust-Based Framework and Deep Learning-Based Attack Detection for Smart Grid Home Area Network.,International Journal of Intelligent Engineering & Systems,15,1,,2022,
"Mendel, Jacob; ",Smart grid cyber security challenges: Overview and classification,e-mentor,68,1,55-66,2017,"Szkoła Główna Handlowa w Warszawie, Fundacja Promocji i Akredytacji …"
"Verma, Priyanka; Breslin, John G; O’Shea, Donna; ",Fldid: Federated learning enabled deep intrusion detection in smart manufacturing industries,Sensors,22,22,8974,2022,MDPI
"Shrestha, Rakesh; Mohammadi, Mohammadreza; Sinaei, Sima; Salcines, Alberto; Pampliega, David; Clemente, Raul; Sanz, Ana Lourdes; Nowroozi, Ehsan; Lindgren, Anders; ",Anomaly detection based on lstm and autoencoders using federated learning in smart electric grid,Journal of Parallel and Distributed Computing,193,,104951,2024,Elsevier
"Hatami, Mohsen; Qu, Qian; Chen, Yu; Mohammadi, Javad; Blasch, Erik; Ardiles-Cruz, Erika; ",ANCHOR-Grid: Authenticating Smart Grid Digital Twins Using Real-World Anchors,Sensors,25,10,2969,2025,MDPI
"Prabhakar, Priti; Arora, Sujata; Khosla, Anita; Beniwal, Rajender Kumar; Arthur, Moses Ndole; Arias-Gonzáles, José Luis; Areche, Franklin Ore; ",Cyber security of smart metering infrastructure using median absolute deviation methodology,Security and Communication Networks,2022,1,6200121,2022,Wiley Online Library
"Harrou, Fouzi; Taghezouit, Bilal; Bouyeddou, Benamar; Sun, Ying; ","Cybersecurity of photovoltaic systems: challenges, threats, and mitigation strategies: a short survey",Frontiers in Energy Research,11,,1274451,2023,Frontiers Media SA
"Vimalkumar, K; Radhika, N; ",A big data framework for intrusion detection in smart grids using apache spark,"2017 International conference on advances in computing, communications and informatics (ICACCI)",,,198-204,2017,IEEE
"Tahar, Benras Mohamed; Amine, Sid Mohamed; Hachana, Oussama; ",Machine learning-based techniques for false data injection attacks detection in smart grid: a review,International Conference on Artificial Intelligence in Renewable Energetic Systems,,,368-376,2022,Springer
"Teryak, Hadir; Albaseer, Abdullatif; Abdallah, Mohamed; Al-Kuwari, Saif; Qaraqe, Marwa; ",Double-edged defense: Thwarting cyber attacks and adversarial machine learning in IEC 60870-5-104 smart grids,IEEE Open Journal of the Industrial Electronics Society,4,,629-642,2023,IEEE
"Baz, Abdullah; Logeshwaran, J; Natarajan, Yuvaraj; Patel, Shobhit K; ",Deep fuzzy nets approach for energy efficiency optimization in smart grids,Applied Soft Computing,161,,111724,2024,Elsevier
"Alkahtani, Hasan; Aldhyani, Theyazn HH; ",Intrusion Detection System to Advance Internet of Things Infrastructure‐Based Deep Learning Algorithms,Complexity,2021,1,5579851,2021,Wiley Online Library
"Ruben, Cody; Dhulipala, Surya; Nagaraj, Keerthiraj; Zou, Sheng; Starke, Allen; Bretas, Arturo; Zare, Alina; McNair, Janise; ",Hybrid data‐driven physics model‐based framework for enhanced cyber‐physical smart grid security,IET Smart Grid,3,4,445-453,2020,Wiley Online Library
"Upadhyay, Darshana; Manero, Jaume; Zaman, Marzia; Sampalli, Srinivas; ",Intrusion detection in SCADA based power grids: Recursive feature elimination model with majority vote ensemble algorithm,IEEE Transactions on Network Science and Engineering,8,3,2559-2574,2021,IEEE
"Starke, Allen; Nagaraj, Keerthiraj; Ruben, Cody; Aljohani, Nader; Zou, Sheng; Bretas, Arturo; McNair, Janise; Zare, Alina; ",Cross‐layered distributed data‐driven framework for enhanced smart grid cyber‐physical security,IET Smart Grid,5,6,398-416,2022,Wiley Online Library
"Ge, Mengmeng; Fu, Xiping; Syed, Naeem; Baig, Zubair; Teo, Gideon; Robles-Kelly, Antonio; ",Deep learning-based intrusion detection for IoT networks,2019 IEEE 24th pacific rim international symposium on dependable computing (PRDC),,,256-25609,2019,IEEE
"Singh, Vivek Kumar; ",Attack resilient algorithms and testbed federation for wide-area protection and control in smart grid,,,,,2020,Iowa State University
"Iftikhar, Hasnain; Khan, Nitasha; Raza, Muhammad Amir; Abbas, Ghulam; Khan, Murad; Aoudia, Mouloud; Touti, Ezzeddine; Emara, Ahmed; ",Electricity theft detection in smart grid using machine learning,Frontiers in Energy Research,12,,1383090,2024,Frontiers Media SA
"Radoglou-Grammatikis, Panagiotis; Sarigiannidis, Panagiotis; Iturbe, Eider; Rios, Erkuden; Martinez, Saturnino; Sarigiannidis, Antonios; Eftathopoulos, Georgios; Spyridis, Yannis; Sesis, Achilleas; Vakakis, Nikolaos; ",Spear siem: A security information and event management system for the smart grid,Computer Networks,193,,108008,2021,Elsevier
"Krishna Narayanan, S; Dhanasekaran, S; Vasudevan, V; ",Intelligent abnormality detection method in cyber physical systems using machine learning,Proceedings of International Conference on Machine Intelligence and Data Science Applications: MIDAS 2020,,,595-606,2021,Springer
"Banik, Shampa; Manicavasagam, Rajesh; Banik, Trapa; Banik, Shudipta; ",Simulation and analysis of cyber-attack on modbus protocol for smart grids in virtual environment,Science and Information Conference,,,384-401,2024,Springer
"Samant, Indu Sekhar; Panda, Subhasis; Rout, Pravat Kumar; ",Recent advancements on cyber security for smart-grids: a survey,"2023 International Conference in Advances in Power, Signal, and Information Technology (APSIT)",,,572-577,2023,IEEE
"Mohan, Sathya Narayana; Ravikumar, Gelli; Govindarasu, Manimaran; ",Distributed intrusion detection system using semantic-based rules for SCADA in smart grid,2020 IEEE/PES Transmission and Distribution Conference and Exposition (T&D),,,5-Jan,2020,IEEE
"Majdani, Farzan; Batik, Lynne; Petrovski, Andrei; Petrovski, Sergei; ",Detecting malicious signal manipulation in smart grids using intelligent analysis of contextual data,13th International Conference on Security of Information and Networks,,,8-Jan,2020,
"Ghafoor, Muhammad Imran; Marjan, Shah; Roomi, Muhammad Shoaib; Wahid, Abdul; Hussain, Shumaila; Baryalai, Mehmood; Alikhail, Shapoor; ",Cyber-Malware Defense for Smart Grids Using Machine Learning,Journal of Applied and Emerging Sciences,12,2,190-200,2022,
"Mahi-al-rashid, A; Hossain, F; Anwar, A; Azam, S; ","False Data Injection Attack Detection in Smart Grid Using Energy Consumption Forecasting. Energies 2022, 15, 4877",,,,,2022,s Note: MDPI stays neutral with regard to jurisdictional claims in published …
"Guo, Lulu; Ye, Jin; Yang, Bowen; ",Cyberattack detection for electric vehicles using physics-guided machine learning,IEEE transactions on transportation electrification,7,3,2010-2022,2020,IEEE
"Asevameh, Innocent O; Dopamu, Oladipupo M; Adesiyan, Joseph S; ",Enhancing resilience and security in the US power grid against cyber-physical attacks,World Journal of Advanced Research and Reviews,22,2,1043-1052,2024,World Journal of Advanced Research and Reviews
"Jahangir, Hamidreza; Lakshminarayana, Subhash; Poor, H Vincent; ",Charge manipulation attacks against smart electric vehicle charging stations and deep learning-based detection mechanisms,IEEE Transactions on Smart Grid,,,,2024,IEEE
"Al-Abassi, Abdulrahman; Sakhnini, Jacob; Karimipour, Hadis; ",Unsupervised stacked autoencoders for anomaly detection on smart cyber-physical grids,"2020 IEEE International Conference on Systems, Man, and Cybernetics (SMC)",,,3123-3129,2020,IEEE
"Li, Yuanzheng; Zhao, Yong; Wu, Lei; Zeng, Zhigang; ",Artificial Intelligence Enabled Computational Methods for Smart Grid Forecast and Dispatch,,14,,,2023,Springer Nature
"Mehdary, Adil; Chehri, Abdellah; Jakimi, Abdeslam; Saadane, Rachid; ",Hyperparameter optimization with genetic algorithms and XGBoost: a step forward in smart grid fraud detection,sensors,24,4,1230,2024,MDPI
"Elmasry, Ahmed; ",Developing and Evaluating Simulation Testbeds for IEC61850 GOOSE Protocol: Enhancing Cybersecurity in Substations and Smart Grids,,,,,2024,Hamad Bin Khalifa University (Qatar)
"Yue, Gang; Sun, Zhuo; Tian, Jianwei; Zhu, Hongyu; Zhang, Bo; ",Power grid industrial control system traffic classification based on two-dimensional convolutional neural network,"International Conference in Communications, Signal Processing, and Systems",,,17-Oct,2021,Springer
"Zaman, Marzia; Upadhyay, Darshana; Lung, Chung-Horng; ",Validation of a machine learning-based IDS design framework using ORNL datasets for power system with SCADA,IEEE Access,11,,118414-118426,2023,IEEE
"Fursov, Ihor; Yamkovyi, Klym; Shmatko, Oleksandr; ",Smart Grid and wind generators: an overview of cyber threats and vulnerabilities of power supply networks,Radioelectronic and Computer Systems,,4,50-63,2022,
"Rajeyyagari, Sivaram; Saravanan, M; Pandey, Purnendu Shekhar; Devi, Aruna; Shankar, S Siva; ",Convolutional Neural network-based African vulture optimization algorithm for the enhancement of cybersecurity in the blockchain-based Smart grid,Multimedia Tools and Applications,83,20,58527-58553,2024,Springer
"Ding, Pengpeng; Li, Jinguo; Wang, Liangliang; Wen, Mi; Guan, Yuyao; ",HYBRID‐CNN: An Efficient Scheme for Abnormal Flow Detection in the SDN‐Based Smart Grid,Security and communication networks,2020,1,8850550,2020,Wiley Online Library
"Alazab, Mamoun; Khan, Suleman; Krishnan, Somayaji Siva Rama; Pham, Quoc-Viet; Reddy, M Praveen Kumar; Gadekallu, Thippa Reddy; ",A multidirectional LSTM model for predicting the stability of a smart grid,Ieee Access,8,,85454-85463,2020,IEEE
"Albaseer, Abdullatif; Abdi, Nima; Abdallah, Mohamed; Qaraqe, Marwa; Al-Kuwari, Saif; ",FedPot: A quality-aware collaborative and incentivized honeypot-based detector for smart grid networks,IEEE Transactions on Network and Service Management,,,,2024,IEEE
"Yan, Zhongzong; Wen, He; ",Performance analysis of electricity theft detection for the smart grid: An overview,IEEE Transactions on Instrumentation and Measurement,71,,28-Jan,2021,IEEE
"Ecker, Diana; ",Data-Driven Methods of Machine Learning in modeling the Smart Grids,,,,,2022,
"El Chamie, Mahmoud; Lore, Kin Gwn; Shila, Devu Manikantan; Surana, Amit; ",Physics-based features for anomaly detection in power grids with micro-pmus,2018 IEEE International Conference on Communications (ICC),,,7-Jan,2018,IEEE
"Selvaraj, Kaushik Ram; Chaudhary, Jhanavi; Mantri, Rhea; Bingi, Kishore; Prusty, B Rajanarayan; ",Stability prediction model for smart grid network that handles missing input variables,2022 International Conference on Intelligent Controller and Computing for Smart Power (ICICCSP),,,6-Jan,2022,IEEE
"Alomar, Madani Abdu; ",An IOT based smart grid system for advanced cooperative transmission and communication,Physical Communication,58,,102069,2023,Elsevier
"Baxter, Jacob; Leger, Aaron St; ",Towards Emulating Arbitrary-Scale Electromechanical Transients for Anomaly Detection,2023 IEEE Kansas Power and Energy Conference (KPEC),,,4-Jan,2023,IEEE
"Jahromi, Martiya Zare; Jahromi, Amir Abiri; Kundur, Deepa; Sanner, Scott; Kassouf, Marthe; ",Data analytics for cybersecurity enhancement of transformer protection,ACM SIGENERGY Energy Informatics Review,1,1,19-Dec,2021,"ACM New York, NY, USA"
"Mukherjee, Debottam; Chakraborty, Samrat; Ghosh, Sandip; ",Deep learning-based multilabel classification for locational detection of false data injection attack in smart grids,Electrical Engineering,104,1,259-282,2022,Springer
"Said, Dhaou; Bagaa, Miloud; Oukaira, Aziz; Lakhssassi, Ahmed; ",Quantum entropy and reinforcement learning for distributed denial of service attack detection in smart grid,IEEE Access,,,,2024,IEEE
"Chadoulos, Spiros; Koutsopoulos, Iordanis; Polyzos, George C; ",Mobile apps meet the smart energy grid: A survey on consumer engagement and machine learning applications,Ieee Access,8,,219632-219655,2020,IEEE
"Palanga, Eyouléki Tchéyi Gnadi; Kpegouni, Abasse; Mikemina, Debola; Salami, Adekunlé Akim; ",Review of cyber-attack detection methods in Smart Grid SCADA systems,2023 VI International Conference on High Technology for Sustainable Development (HiTech),,,5-Jan,2023,IEEE
"Kumar, Santosh; Ahlawat, Priyanka; ",Hybrid Machine Learning Model for an Intrusion Detection System for Smart Grids Using Artificial Neural Network and Random Forest,Redefining Security With Cyber AI,,,178-194,2024,IGI Global
"Diaba, Sayawu Yakubu; Anafo, Theophilus; Tetteh, Lord Anertei; Oyibo, Michael Alewo; Alola, Andrew Adewale; Shafie-Khah, Miadreza; Elmusrati, Mohammed; ",SCADA securing system using deep learning to prevent cyber infiltration,Neural Networks,165,,321-332,2023,Elsevier
"Diaba, Sayawu Yakubu; Shafie-Khah, Miadreza; Elmusrati, Mohammed; ",Cyber security in power systems using meta-heuristic and deep learning algorithms,IEEe Access,11,,18660-18672,2023,IEEE
"Majidi, Seyed Hossein; Hadayeghparast, Shahrzad; Karimipour, Hadis; ",FDI attack detection using extra trees algorithm and deep learning algorithm-autoencoder in smart grid,International Journal of Critical Infrastructure Protection,37,,100508,2022,Elsevier
"Lu, Xiaoquan; Zhou, Yu; Wang, Zhongdong; Yi, Yongxian; Feng, Longji; Wang, Fei; ",Knowledge embedded semi-supervised deep learning for detecting non-technical losses in the smart grid,Energies,12,18,3452,2019,MDPI
"Cheng, Yushu; Zhao, Bochao; ",Risk Assessment Method of Solar Smart Grid Network Security Based on TimesNet Model,Applied Sciences,15,6,2882,2025,MDPI
"Na, Qionglan; Zhang, Shijun; Li, Xin; Lai, Ji; Yang, Yixi; Yang, Jingyan; ",Abnormal Traffic Detection Model Based on GAN for Information Security in Smart Grid,2023 4th International Conference on Information Science and Education (ICISE-IE),,,76-79,2023,IEEE
"YANG, Yong-jiao; Qiu, Yu; ZHAN, Li-chao; ",An Anomaly Detection Approach on Servers Traffic in Smart# br# Grid Based on Breadth Learning Algorithm,Computer and Modernization,,9,77,2019,
"Bhadani, Ujas; ",Smart Grid Security: Innovative Approaches for Threat Detection and Countermeasures,2024 Mediterranean Smart Cities Conference (MSCC),,,8-Jan,2024,IEEE
"Kumar, Chandan; Chittora, Prakash; ",Secure and privacy-preserving framework for IoT-enabled smart grid environment,Arabian Journal for Science and Engineering,49,3,3063-3078,2024,Springer
"Reka, S Sofana; Dragicevic, Tomislav; Venugopal, Prakash; Ravi, V; Rajagopal, Manoj Kumar; ",Big data analytics and artificial intelligence aspects for privacy and security concerns for demand response modelling in smart grid: A futuristic approach,Heliyon,10,15,,2024,Elsevier
"Babar, Muhammad; Tariq, Muhammad Usman; Jan, Mian Ahmad; ",Secure and resilient demand side management engine using machine learning for IoT-enabled smart grid,Sustainable Cities and Society,62,,102370,2020,Elsevier
"Singh, Vivek Kumar; Govindarasu, Manimaran; ",A novel architecture for attack-resilient wide-area protection and control system in smart grid,2020 Resilience Week (RWS),,,41-47,2020,IEEE
"Manandhar, Kebina; Cao, Xiaojun; Hu, Fei; Liu, Yao; ",Detection of faults and attacks including false data injection attack in smart grid using Kalman filter,IEEE transactions on control of network systems,1,4,370-379,2014,IEEE
"Hu, Jiankun; Vasilakos, Athanasios V; ",Energy big data analytics and security: challenges and opportunities,IEEE Transactions on Smart Grid,7,5,2423-2436,2016,IEEE
"Masri, Aladdin; Al-Jabi, Muhannad; ","Toward fault tolerant modelling for SCADA based electricity distribution networks, machine learning approach",PeerJ Computer Science,7,,e554,2021,PeerJ Inc.
"Sulaiman, Adel; Nagu, Bharathiraja; Kaur, Gaganpreet; Karuppaiah, Pradeepa; Alshahrani, Hani; Reshan, Mana Saleh Al; AlYami, Sultan; Shaikh, Asadullah; ",Artificial intelligence-based secured power grid protocol for smart city,Sensors,23,19,8016,2023,MDPI
"Shees, Anwer; Tariq, Mohd; Sarwat, Arif I; ",Cybersecurity in Smart Grids: Detecting False Data Injection Attacks Utilizing Supervised Machine Learning Techniques,Energies,17,23,5870,2024,MDPI
"Banik, Shampa; Rogers, Michael; Mahajan, Satish M; Emeghara, Chikezie M; Banik, Trapa; Craven, Robert; ",Survey on Vulnerability Testing in the Smart Grid,IEEE Access,,,,2024,IEEE
"Othman, Suad Mohammed; Ba-Alwi, Fadl Mutaher; Alsohybe, Nabeel T; Al-Hashida, Amal Y; ",Intrusion detection model using machine learning algorithm on Big Data environment,Journal of big data,5,1,12-Jan,2018,Springer
"Gunduz, Muhammed Zekeriya; Das, Resul; ",Cyber-security on smart grid: Threats and potential solutions,Computer networks,169,,107094,2020,Elsevier
"Jiang, Weiwei; Han, Haoyu; He, Miao; Gu, Weixi; ",Machine Learning-based Multi-Class Traffic Management for Smart Grid Communication Network,Adjunct Proceedings of the 2023 ACM International Joint Conference on Pervasive and Ubiquitous Computing & the 2023 ACM International Symposium on Wearable Computing,,,694-699,2023,
"Ibrahim, Nourhan; Kashef, Rasha; ","Exploring the emerging role of large language models in smart grid cybersecurity: a survey of attacks, detection mechanisms, and mitigation strategies",Frontiers in Energy Research,13,,1531655,2025,Frontiers Media SA
"Singh, Tushar; Kumar, Sudhakar; Singh, Sunil K; Chilkoti, Vanshika; Bansal, Shavi; Chui, Kwok Tai; Gupta, Brij B; ",Intelligent FaultEdge: AI-Driven Fault-Tolerant Edge Framework for Smart Grid Monitoring in IoT,2024 IEEE 12th International Conference on Intelligent Systems (IS),,,6-Jan,2024,IEEE
"Tehrani, Soroush Omidvar; Shahrestani, Afshin; Yaghmaee, Mohammad Hossein; ",Online electricity theft detection framework for large-scale smart grid data,Electric Power Systems Research,208,,107895,2022,Elsevier
"Devarajan, Vinodkumar; ",Revolutionizing Energy Management: The Impact of AI and Machine Learning Technologies,Journal of Computer Science and Technology Studies,7,3,327-333,2025,
"Wang, Pengyuan; Govindarasu, Manimaran; ",Multi-agent based attack-resilient system integrity protection for smart grid,IEEE Transactions on Smart Grid,11,4,3447-3456,2020,IEEE
"Shi, Jiayu; Liu, Shichao; Chen, Bo; Yu, Li; ",Distributed data-driven intrusion detection for sparse stealthy FDI attacks in smart grids,IEEE Transactions on Circuits and Systems II: Express Briefs,68,3,993-997,2020,IEEE
"Liu, Mengxiang; Teng, Fei; Zhang, Zhenyong; Ge, Pudong; Sun, Mingyang; Deng, Ruilong; Cheng, Peng; Chen, Jiming; ",Enhancing cyber-resiliency of der-based smart grid: A survey,IEEE Transactions on Smart Grid,,,,2024,IEEE
"Shekari, Tohid; Bayens, Christian; Cohen, Morris; Graber, Lukas; Beyah, Raheem; ",RFDIDS: Radio Frequency-based Distributed Intrusion Detection System for the Power Grid.,NDSS,,,,2019,
"Oprea, Simona-Vasilica; Bâra, Adela; Puican, Florina Camelia; Radu, Ioan Cosmin; ",Anomaly detection with machine learning algorithms and big data in electricity consumption,Sustainability,13,19,10963,2021,MDPI
"Sweeten, Jacob; ",Multi-Modal Intrusion Detection in Cyber-Physical Smart Power Grids,,,,,2023,Tennessee Technological University
"Tang, Zefan; Jiao, Jieying; Zhang, Peng; Yue, Meng; Chen, Chen; Yan, Jun; ",Enabling cyberattack-resilient load forecasting through adversarial machine learning,2019 IEEE Power & Energy Society General Meeting (PESGM),,,5-Jan,2019,IEEE
"Sharma, Anand; Kumar, Manish; Pal, Nitai; ",Machine learning-enabled cyber security in smart grids,Introduction to AI Techniques for Renewable Energy System,,,397-408,2021,CRC press
"Balaji, R; Deepajothi, S; Prabaharan, G; Daniya, T; Karthikeyan, P; Velliangiri, S; ",Survey on intrusions detection system using deep learning in iot environment,2022 International Conference on Sustainable Computing and Data Communication Systems (ICSCDS),,,195-199,2022,IEEE
"Ullah, SM Safayet; Abianeh, Ali Jafarian; Ferdowsi, Farzad; Basulaiman, Kamal; Barati, Masoud; ",Measurable challenges in smart grid cybersecurity enhancement: A brief review,2021 IEEE Green Technologies Conference (GreenTech),,,331-338,2021,IEEE
"Ramachandran, A; Gayathri, K; Alkhayyat, Ahmed; Malik, Rami Q; ",Aquila Optimization with Machine Learning-Based Anomaly Detection Technique in Cyber-Physical Systems.,Computer Systems Science & Engineering,46,2,,2023,
"Tong, Weiming; Lu, Lei; Li, Zhongwei; Lin, Jingbo; Jin, Xianji; ",A survey on intrusion detection system for advanced metering infrastructure,"2016 Sixth International Conference on Instrumentation & Measurement, Computer, Communication and Control (IMCCC)",,,33-37,2016,IEEE
"Mashima, Daisuke; Chen, Yao; Roomi, Muhammad M; Lakshminarayana, Subhash; Chen, Deming; ",Cybersecurity for modern smart grid against emerging threats,arXiv preprint arXiv:2404.04466,,,,2024,
"Tooki, Oluwaseun; Popoola, Olawale; ","Intelligent-Based Techniques for Detection, Identification and Mitigation of Cyberattacks in Cyber-Physical Power Systems: A Review",2024 IEEE PES/IAS PowerAfrica,,,5-Jan,2024,IEEE
"Sriram, S; Vinayakumar, RAVI; Alazab, Mamoun; Soman, KP; ",Network flow based IoT botnet attack detection using deep learning,IEEE INFOCOM 2020-IEEE conference on computer communications workshops (INFOCOM WKSHPS),,,189-194,2020,IEEE
"Sun, Mucun; He, Li; Zhang, Jie; ",Deep learning-based probabilistic anomaly detection for solar forecasting under cyberattacks,International Journal of Electrical Power & Energy Systems,137,,107752,2022,Elsevier
"Alajlan, Razan; Rahman, MM Hafizur; Alnaeem, Mohammed; Almaiah, Mohammed; ",A Literature Review on Cybersecurity Risks and Challenges Assessments in Virtual Power Plants: Current Landscape and Future Research Directions,IEEE Access,,,,2024,IEEE
"Pitchandi, Perumal; Sadu, Vijaya Bhaskar; Kalaipoonguzhali, V; Arivukarasi, M; ",A novel video anomaly detection using hybrid sand cat Swarm optimization with backpropagation neural network by UCSD Ped 1 dataset,Journal of Visual Communication and Image Representation,108,,104414,2025,Elsevier
"Hegazy, HI; ","Tag Eldien, AS; Tantawy, MM; Fouda, MM; TagElDien, HA Real-time locational detection of stealthy false data injection attack in smart grid: Using multivariate-based multi-label classification approach",Energies,15,14,5312,2022,
"Khan, Izhar Ahmed; Pi, Dechang; Khan, Nasrullah; Khan, Zaheer Ullah; Hussain, Yasir; Nawaz, Asif; Ali, Farman; ",A privacy-conserving framework based intrusion detection method for detecting and recognizing malicious behaviours in cyber-physical power networks,Applied Intelligence,,,16-Jan,2021,Springer
"Salih, Azar Abid; Abdulazeez, Adnan Mohsin; ",Evaluation of classification algorithms for intrusion detection system: A review,Journal of Soft Computing and Data Mining,2,1,31-40,2021,
"Usama, Muhammad; Aman, Muhammad Naveed; ",Command injection attacks in smart grids: A survey,IEEE Open Journal of Industry Applications,5,,75-85,2024,IEEE
"de Riberolles, Theobald; Zou, Yunkai; Silvestre, Guthemberg; Lochin, Emmanuel; Song, Jiefu; ",Anomaly detection for ICS based on deep learning: a use case for aeronautical radar data,Annals of Telecommunications,77,11,749-761,2022,Springer
"Marino, Daniel L; Wickramasinghe, Chathurika S; Singh, Vivek Kumar; Gentle, Jake; Rieger, Craig; Manic, Milos; ",The virtualized cyber-physical testbed for machine learning anomaly detection: A wind powered grid case study,IEEE Access,9,,159475-159494,2021,IEEE
"Hashim, Muhammad; Khan, Laiq; Javaid, Nadeem; Ullah, Zahid; Javed, Aymin; ",Stacked machine learning models for non-technical loss detection in smart grid: A comparative analysis,Energy Reports,12,,1235-1253,2024,Elsevier
"Zheng, Tianming; Liu, Ming; Puthal, Deepak; Yi, Ping; Wu, Yue; He, Xiangjian; ","Smart grid: Cyber attacks, critical defense approaches, and digital twin",arXiv preprint arXiv:2205.11783,,,,2022,
"Sinha, Ayush; Thukkaraju, Ashrith Reddy; Vyas, OP; ",A multi agent framework to detect in progress false data injection attacks for smart grid,International Conference on Advanced Network Technologies and Intelligent Computing,,,123-141,2021,Springer
"Yang, Sam; Vaagensmith, Bjorn; Patra, Deepika; ",Power grid contingency analysis with machine learning: A brief survey and prospects,2020 Resilience Week (RWS),,,119-125,2020,IEEE
"Zhang, Guoming; Ji, Xiaoyu; Li, Yanjie; Xu, Wenyuan; ",Power-based non-intrusive condition monitoring for terminal device in smart grid,Sensors,20,13,3635,2020,MDPI
"Parra, Gonzalo De La Torre; Rad, Paul; Choo, Kim-Kwang Raymond; ",Implementation of deep packet inspection in smart grids and industrial Internet of Things: Challenges and opportunities,Journal of Network and Computer Applications,135,,32-46,2019,Elsevier
"Xue, Dongbo; Jing, Xiaorong; Liu, Hongqing; ",Detection of false data injection attacks in smart grid utilizing ELM-based OCON framework,IEEE Access,7,,31762-31773,2019,IEEE
"Martin, Ioana Ramona; Cioara, Tudor; Arcas, Gabriel Ioan; Anghel, Ionut; Bertoncini, Massimo; ",Knowledge Graph Model for Computing Continuum over Smart Grid,"2024 15th International Conference on Information, Intelligence, Systems & Applications (IISA)",,,8-Jan,2024,IEEE
"Alsuwian, Turki; Shahid Butt, Aiman; Amin, Arslan Ahmed; ",Smart grid cyber security enhancement: Challenges and solutions—A review,Sustainability,14,21,14226,2022,Multidisciplinary Digital Publishing Institute
"Song, Kevin; Kim, Paul; Tyagi, Vedant; Rajasekaran, Shivani; ",Artificial immune system (AIS) based intrusion detection system (IDS) for smart grid advanced metering infrastructure (AMI) networks,,,,,2018,Virginia Tech
"Ge, Linqiang; Yu, Wei; Moulema, Paul; Xu, Guobin; Griffith, David; Golmie, Nada; ",Detecting data integrity attacks in smart grid,"Security and Privacy in Cyber‐Physical Systems: Foundations, Principles and Applications",,,281-303,2017,Wiley Online Library
"Naveeda, K; SMH, Sithi Shameem Fathima; ",Real-time implementation of IoT enabled cyber attack detection system (IoT-E-CADS) in advanced metering infrastructure (AMI) using machine learning technique (MLT),,,,,2024,
"Zadehgol-Mohammadi, Asef; Hosseinzadehtaher, Mohsen; Shadmand, Mohammad B; ",Deep Learning-Based Real-time Anomaly Detection for Power Electronics-Dominated Grid,2023 IEEE Power and Energy Conference at Illinois (PECI),,,5-Jan,2023,IEEE
"Nassif, Ali Bou; Talib, Manar Abu; Nasir, Qassim; Dakalbab, Fatima Mohamad; ",Machine learning for anomaly detection: A systematic review,Ieee Access,9,,78658-78700,2021,Ieee
"Quincozes, Silvio E; Albuquerque, Célio; Passos, Diego; Mossé, Daniel; ",A survey on intrusion detection and prevention systems in digital substations,Computer Networks,184,,107679,2021,Elsevier
"Nimma, Divya; Patil, Soumya; Chauhan, Rahul; Khan, Shamim Ahmad; Rani, V Kanpur; Muthuperumal, S; ",Enhancing Security and Efficiency in IoT-Enabled Smart Grids with Blockchain SDN Bi-GRU and Digital Twin,"2024 8th International Conference on I-SMAC (IoT in Social, Mobile, Analytics and Cloud)(I-SMAC)",,,198-203,2024,IEEE
"Pereira, Joao; Silveira, Margarida; ",Unsupervised anomaly detection in energy time series data using variational recurrent autoencoders with attention,2018 17th IEEE international conference on machine learning and applications (ICMLA),,,1275-1282,2018,IEEE
"Harrou, F; Bouyeddou, B; Dairi, A; Sun, Y; ","Exploiting Autoencoder-Based Anomaly Detection to Enhance Cybersecurity in Power Grids. Future Internet 2024, 16, 184",,,,,2024,
"Behdadnia, Tohid; Deconinck, Geert; ",Anomaly Detection in Automatic Generation Control Systems Based on Traffic Pattern Analysis and Deep Transfer Learning,arXiv preprint arXiv:2209.08099,,,,2022,
"Purohit, Shaurya; Govindarasu, Manimaran; ",Federated learning based anomaly detection for distributed energy resource communication,2024 IEEE Power & Energy Society General Meeting (PESGM),,,5-Jan,2024,IEEE
"Kavousi-Fard, Abdollah; Dabbaghjamanesh, Morteza; Jin, Tao; Su, Wencong; Roustaei, Mahmoud; ",An evolutionary deep learning-based anomaly detection model for securing vehicles,IEEE Transactions on Intelligent Transportation Systems,22,7,4478-4486,2020,IEEE
"Avcı, İsa; ",Investigation of cyber-attack methods and measures in smart grids,Sakarya University Journal of Science,25,4,1049-1060,2021,Sakarya University
"Erney, Tristan; Chowdhury, MD Minhaz; ",A survey of intrusion detection and prevention systems,2022 IEEE World AI IoT Congress (AIIoT),,,578-584,2022,IEEE
"Zafar, Ahsan; Che, Yanbo; Faheem, Muhammad; Abubakar, Muhammad; Ali, Shujaat; Bhutta, Muhammad Shoaib; ",Machine learning autoencoder‐based parameters prediction for solar power generation systems in smart grid,IET Smart Grid,7,3,328-350,2024,Wiley Online Library
"Zhang, ST; Lin, XB; Wu, Libo; Song, YQ; Liao, ND; Liang, ZH; ",Network Traffic Anomaly Detection Based on ML‐ESN for Power Metering System,Mathematical Problems in Engineering,2020,1,7219659,2020,Wiley Online Library
"Wang, Xinlin; Wang, Hao; Bhandari, Binayak; Cheng, Leming; ","AI-empowered methods for smart energy consumption: A review of load forecasting, anomaly detection and demand response",International Journal of Precision Engineering and Manufacturing-Green Technology,11,3,963-993,2024,Springer
"Efiong, John E; Akinyemi, Bodunde O; Olajubu, Emmanuel A; Ibrahim, Isa A; Aderounmu, Ganiyu A; Degila, Jules; ",Modelling smart grid instability against cyber attacks in SCADA system networks,The International Conference on Artificial Intelligence and Logistics Engineering,,,239-250,2023,Springer
"Gan, Wei; Lei, Lei; Su, Jun; Shen, Luocheng; Xiao, Yuhao; Liu, Conghong; Huo, Yaoran; ",A Lightweight Deep Learning Model for Efficient Traffic Anomaly Detection in Resource-Constrained Power System Networks,2024 4th International Conference on Smart Grid and Energy Internet (SGEI),,,280-284,2024,IEEE
"Ponmurugan, P; Venkatesh, C; Priyadharshini, M Divya; Balamurugan, S; ",Intrusion detection strategies in smart grid,Design and Analysis of Security Protocol for Communication,,,211-233,2020,Wiley Online Library
"Sharma, Himanshu; Verma, Devvret; Rana, Aditya; Chari, S Lakshmana; Kumar, Rohit; Kumar, Naveen; ",Enhancing network security in IoT using machine learning-Based anomaly detection,2023 6th International Conference on Contemporary Computing and Informatics (IC3I),6,,2650-2654,2023,IEEE
"Madhure, Rutuja Umesh; Raman, Radha; Singh, Sandeep Kumar; ",Cnn-lstm based electricity theft detector in advanced metering infrastructure,"2020 11th International Conference on Computing, Communication and Networking Technologies (ICCCNT)",,,6-Jan,2020,IEEE
"Wu, Yulei; Dai, Hong-Ning; Tang, Haina; ",Graph neural networks for anomaly detection in industrial Internet of Things,IEEE Internet of Things Journal,9,12,9214-9231,2021,IEEE
"Kumar, Sadhasivam Deepan; Raj, V Arun; Manojkumar, R; ",Deep Learning Approach for Optimum Power Management Using IoT in EV Battery Management System,,,,,2024,SAE Technical Paper
"Sebbar, Anass; Cherqi, Othmane; Chougdali, Khalid; Boulmalf, Mohammed; ",Real-Time Anomaly Detection in SDN Architecture Using Integrated SIEM and Machine Learning for Enhancing Network Security,GLOBECOM 2023-2023 IEEE Global Communications Conference,,,1795-1800,2023,IEEE
"Choi, Woo-Hyun; Kim, Jongwon; ",Unsupervised learning approach for anomaly detection in industrial control systems,Applied System Innovation,7,2,18,2024,MDPI
"Ni, Guofeng; Zhang, Xiaoyuan; Ni, Xiang; Cheng, Xiaomei; Meng, Xiangdong; ",A WOA-CNN-BiLSTM-based multi-feature classification prediction model for smart grid financial markets,Frontiers in Energy Research,11,,1198855,2023,Frontiers Media SA
"Ahir, Rajesh K; Chakraborty, Basab; ",Pattern-based and context-aware electricity theft detection in smart grid,"Sustainable Energy, Grids and Networks",32,,100833,2022,Elsevier
"Louk, Maya Hilda Lestari; Tama, Bayu Adhi; ",Revisiting gradient boosting-based approaches for learning imbalanced data: A case of anomaly detection on power grids,Big Data and Cognitive Computing,6,2,41,2022,MDPI
"Kail, Eszter; Banati, Anna; Fleiner, Rita; Mosavi, Amirhosein; Mako, Csaba; ",Machine learning methods for cybersecurity: Review and bibliometric analysis,2023 IEEE 21st Jubilee International Symposium on Intelligent Systems and Informatics (SISY),,,000527-000536,2023,IEEE
"Jeyaraj, Pandia Rajan; Nadar, Edward Rajan Samuel; Kathiresan, Aravind C; Asokan, Siva Prakash; ",Smart grid security enhancement by detection and classification of non‐technical losses employing deep learning algorithm,International transactions on electrical energy systems,30,9,e12521,2020,Wiley Online Library
"Syed, Dabeeruddin; Abu-Rub, Haitham; Ghrayeb, Ali; Refaat, Shady S; Houchati, Mahdi; Bouhali, Othmane; Banales, Santiago; ",Deep learning-based short-term load forecasting approach in smart grid with clustering and consumption pattern recognition,IEEE access,9,,54992-55008,2021,IEEE
"Ahmed, Chuadhry Mujeeb; Kandasamy, Nandha Kumar; ",A comprehensive dataset from a smart grid testbed for machine learning based cps security research,International Workshop on Cyber-Physical Security for Critical Infrastructures Protection,,,123-135,2020,Springer
"Li, Wenjuan; Au, Man Ho; Wang, Yu; ",A fog‐based collaborative intrusion detection framework for smart grid,International Journal of Network Management,31,2,e2107,2021,Wiley Online Library
"Himdi, Tarik; Ishaque, Mohammed; Ikram, Muhammed Jawad; ",Cyber security challenges in distributed energy resources for smart cities,2022 9th international conference on computing for sustainable global development (INDIACom),,,788-792,2022,IEEE
"Johncy, G; Shaji, RS; ",Secure smart grid implementation with automatic data integrity attack location prediction and exalted energy theft detection,Connection Science,36,1,2403393,2024,Taylor & Francis
"Hasan, Kamrul; Shetty, Sachin; Ullah, Sharif; ",Artificial intelligence empowered cyber threat detection and protection for power utilities,2019 IEEE 5th international conference on collaboration and internet computing (CIC),,,354-359,2019,IEEE
"Etman, Ashraf M; Abdalzaher, Mohamed S; Emran, Ahmed; Yahya, Ahmed; Shaaban, Mostafa; ",A Survey on Machine Learning Techniques in Smart Grids Based on Wireless Sensor Networks,IEEE Access,,,,2024,IEEE
"Jiang, Rong; Lu, Rongxing; Wang, Ye; Luo, Jun; Shen, Changxiang; Shen, Xuemin; ",Energy-theft detection issues for advanced metering infrastructure in smart grid,Tsinghua Science and Technology,19,2,105-120,2014,TUP
"Ford, Vitaly; Siraj, Ambareen; ",Applications of machine learning in cyber security,Proceedings of the 27th international conference on computer applications in industry and engineering,118,,,2014,"IEEE Xplore Kota Kinabalu, Malaysia"
"Alimi, Oyeniyi Akeem; Ouahada, Khmaies; Abu-Mahfouz, Adnan M; ",Real time security assessment of the power system using a hybrid support vector machine and multilayer perceptron neural network algorithms,Sustainability,11,13,3586,2019,MDPI
"Chinnasamy, Ramya; Malliga, Subramanian; Sengupta, Nandita; ",Deep learning-driven intrusion detection systems for smart cities-a systematic study,6th Smart Cities Symposium (SCS 2022),2022,,79-84,2022,IET
"Kul, Seda; Arslan, Bilgehan; Sagiroglu, Seref; ",Explainable AI in Smart Grid Applications,"2025 IEEE 19th International Conference on Compatibility, Power Electronics and Power Engineering (CPE-POWERENG)",,,6-Jan,2025,IEEE
"Lu, Guanyu; Tian, Xiuxia; ",An efficient communication intrusion detection scheme in AMI combining feature dimensionality reduction and improved LSTM,Security and Communication Networks,2021,1,6631075,2021,Wiley Online Library
"Kern, Dustin; Krauß, Christoph; Hollick, Matthias; ",Detection of anomalies in electric vehicle charging sessions,Proceedings of the 39th Annual Computer Security Applications Conference,,,298-309,2023,
"Jain, Harshit; Kumar, Mukul; Joshi, Amit M; ",Intelligent energy cyber physical systems (iECPS) for reliable smart grid against energy theft and false data injection,Electrical Engineering,104,1,331-346,2022,Springer
"Bhattacharya, Souradeep; Saqib, Nazmus; Govindarasu, Manimaran; ",Ml-based anomaly detection system for iec 61850 communication in substations,2024 IEEE Power & Energy Society General Meeting (PESGM),,,5-Jan,2024,IEEE
"Liu, Yiheng; Fu, Yao; Wang, Tian; Cao, Yaofu; Yan, Junlu; Snoussi, Hichem; ",A Survey on Cyber-Security in Smart Grid,2023 China Automation Congress (CAC),,,8462-8468,2023,IEEE
"Han, Wenlin; Xiao, Yang; ",Edge computing enabled non-technical loss fraud detection for big data security analytic in Smart Grid,Journal of Ambient Intelligence and Humanized Computing,11,4,1697-1708,2020,Springer
"Kumar, Santosh; Kumar, NMG; Geetha, BT; Sangeetha, M; Chakravarthi, M Kalyan; Tripathi, Vikas; ","Cluster, cloud, grid computing via network communication using control communication and monitoring of smart grid",2022 2nd International Conference on Advance Computing and Innovative Technologies in Engineering (ICACITE),,,1220-1224,2022,IEEE
"Said, Abd Mlak; Yahyaoui, Aymen; Yaakoubi, Faicel; Abdellatif, Takoua; ",Machine learning based rank attack detection for smart hospital infrastructure,"The Impact of Digital Technologies on Public Health in Developed and Developing Countries: 18th International Conference, ICOST 2020, Hammamet, Tunisia, June 24–26, 2020, Proceedings 18",,,28-40,2020,Springer
"Kasoju, Apoorva; ",AI-Driven Anomaly Detection in Cyber-Physical Systems: A Technical Approach to Real-Time Threat Mitigation,Iconic Research and Engineering Journals,8,4,804-817,2024,
"Balla, Asaad; Habaebi, Mohamed Hadi; Islam, MD Rafiqul; Mubarak, Sinil; ",Applications of deep learning algorithms for Supervisory Control and Data Acquisition intrusion detection system,Cleaner Engineering and Technology,9,,100532,2022,Elsevier
"Ranganathan, Raghuram; Qiu, Robert; Hu, Zhen; Hou, Shujie; Pazos-Revilla, Marbin; Zheng, Gang; Chen, Zhe; Guo, Nan; ","Cognitive radio for smart grid: Theory, algorithms, and security",International Journal of Digital Multimedia Broadcasting,2011,1,502087,2011,Wiley Online Library
"Adhikari, Uttam; Morris, Thomas H; Pan, Shengyi; ",Applying non-nested generalized exemplars classification for cyber-power event and intrusion detection,IEEE Transactions on Smart Grid,9,5,3928-3941,2016,IEEE
"Agrawal, Priya; Pal, Hemant; Joshi, Ritesh; Jain, Priyanka; ",Detecting cyber-attacks with intrusion detection systems: Exploring machine learning approaches,South Eastern European Journal of Public Health (SEEJPH),26,,1315,2025,
"Fahim, Khairul Eahsun; Kalinaki, Kassim; De Silva, LC; Yassin, Hayati; ",The role of machine learning in improving power distribution systems resilience,Future Modern Distribution Networks Resilience,,,329-352,2024,Elsevier
"Teo, Jia Wei; Gunawan, Sean; Biswas, Partha P; Mashima, Daisuke; ",Evaluating synthetic datasets for training machine learning models to detect malicious commands,"2022 IEEE International Conference on Communications, Control, and Computing Technologies for Smart Grids (SmartGridComm)",,,315-321,2022,IEEE
"Cali, Umit; Catak, Ferhat Ozgur; Halden, Ugur; ",Trustworthy cyber-physical power systems using AI: dueling algorithms for PMU anomaly detection and cybersecurity,Artificial Intelligence Review,57,7,183,2024,Springer
"Raja, D Jim Solomon; Sriranjani, R; Parvathy, A; Hemavathi, N; ",A review on distributed denial of service attack in smart grid,2022 7th International conference on communication and electronics systems (ICCES),,,812-819,2022,IEEE
"Ghadi, Yazeed Yasin; Talpur, Dhani Bux; Mazhar, Tehseen; Irfan, Hafiz Muhammad; Salaria, Umair Ahmad; Hanif, Saba; Shahzad, Tariq; Hamam, Habib; ","Enhancing smart grid cybersecurity: a comprehensive analysis of attacks, defenses, and innovative AI-blockchain solutions",,,,,2023,
"Xu, Chongchong; Liao, Zhicheng; Li, Chaojie; Zhou, Xiaojun; Xie, Renyou; ",Review on interpretable machine learning in smart grid,Energies,15,12,4427,2022,Multidisciplinary Digital Publishing Institute
"Basnet, Manoj; Ali, Mohd Hasan; ",WCGAN-based cyber-attacks detection system in the EV charging infrastructure,2022 4th International Conference on Smart Power & Internet Energy Systems (SPIES),,,1761-1766,2022,IEEE
"Ndibwile, Jema David; ",Artificial intelligence-based smart grid vulnerabilities and potential solutions for fake-normal attacks: a short review,arXiv preprint arXiv:2202.07050,,,,2022,
"Das, Opy; Zafar, Muhammad Hamza; Sanfilippo, Filippo; Rudra, Souman; Kolhe, Mohan Lal; ","Advancements in digital twin technology and machine learning for energy systems: A comprehensive review of applications in smart grids, renewable energy, and electric vehicle optimisation",Energy Conversion and Management: X,,,100715,2024,Elsevier
"Kaur, Devinder; Islam, Shama Naz; Mahmud, Md Apel; Haque, Md Enamul; Dong, Zhao Yang; ",Energy forecasting in smart grid systems: recent advancements in probabilistic deep learning,"IET Generation, Transmission & Distribution",16,22,4461-4479,2022,Wiley Online Library
"Hong, Tao; Hofmann, Alex; ",Data integrity attacks against outage management systems,IEEE Transactions on Engineering Management,69,3,765-772,2021,IEEE
"Bourechak, Amira; Zedadra, Ouarda; Kouahla, Mohamed Nadjib; Guerrieri, Antonio; Seridi, Hamid; Fortino, Giancarlo; ",At the confluence of artificial intelligence and edge computing in iot-based applications: A review and new perspectives,Sensors,23,3,1639,2023,MDPI
"Esenogho, Ebenezer; Djouani, Karim; Kurien, Anish M; ",Integrating artificial intelligence Internet of Things and 5G for next-generation smartgrid: A survey of trends challenges and prospect,Ieee Access,10,,4794-4831,2022,IEEE
"Bondok, Atef H; Mahmoud, Mohamed; Badr, Mahmoud M; Fouda, Mostafa M; Abdallah, Mohamed; Alsabaan, Maazen; ",Novel evasion attacks against adversarial training defense for smart grid federated learning,IEEE Access,11,,112953-112972,2023,IEEE
"Ravikumar, Gelli; Hyder, Burhan; Govindarasu, Manimaran; ","Next-generation cps testbed-based grid exercise-synthetic grid, attack, and defense modeling",2020 Resilience Week (RWS),,,92-98,2020,IEEE
"Boeding, Matthew; Boswell, Kelly; Hempel, Michael; Sharif, Hamid; Lopez Jr, Juan; Perumalla, Kalyan; ","Survey of cybersecurity governance, threats, and countermeasures for the power grid",Energies,15,22,8692,2022,MDPI
"Li, Dan; Gebraeel, Nagi; Paynabar, Kamran; Meliopoulos, AP; ",An online approach to cyberattack detection and localization in smart grid,arXiv preprint arXiv:2102.11401,,,,2021,
"Amanlou, Sanaz; Hasan, Mohammad Kamrul; Mokhtar, Umi Asma; Malik, Khalid Mahmood; Islam, Shayla; Khan, Sheroz; Khan, Muhammad Attique; Khan, Muhammad Asghar; ","Cybersecurity challenges in smart grid systems: current and emerging attacks, opportunities, and recommendations",IEEE Open Journal of the Communications Society,,,,2025,IEEE
"ElKashlan, Mohamed; Aslan, Heba; Said Elsayed, Mahmoud; Jurcut, Anca D; Azer, Marianne A; ",Intrusion detection for electric vehicle charging systems (evcs),Algorithms,16,2,75,2023,MDPI
"Balla, Asaad; Habaebi, Mohamed Hadi; Elsheikh, Elfatih AA; Islam, Md Rafiqul; Suliman, Fakher Eldin Mohamed; Mubarak, Sinil; ",Enhanced CNN-LSTM deep learning for SCADA IDS featuring Hurst parameter self-similarity,IEEE Access,12,,6100-6116,2024,IEEE
"Hasan, Mohammad Kamrul; Habib, AKM Ahasan; Islam, Shayla; Safie, Nurhizam; Abdullah, Siti Norul Huda Sheikh; Pandey, Bishwajeet; ",DDoS: Distributed denial of service attack in communication standard vulnerabilities in smart grid applications and cyber security with recent developments,Energy Reports,9,,1318-1326,2023,Elsevier
"Salehpour, Ali; Al-Anbagi, Irfan; ",RESP: A Real-Time Early Stage Prediction Mechanism for Cascading Failures in Smart Grid Systems,IEEE Systems Journal,,,,2024,IEEE
"Zou, Yuping; Wu, Rui; Tian, Xuesong; Li, Hua; ",Realizing the improvement of the reliability and efficiency of intelligent electricity inspection: IAOA-BP algorithm for anomaly detection,Energies,16,7,3021,2023,MDPI
"Rekha, Gillala; Malik, Shaveta; Tyagi, Amit Kumar; Nair, Meghna Manoj; ",Intrusion detection in cyber security: role of machine learning and data mining in cyber security,"Advances in Science, Technology and Engineering Systems Journal",5,3,72-81,2020,
"Kudarihal, CS; Gupta, Manoj; Gupta, Sunil Kumar; ",Time series analysis of AMI data and comparative energy demand forecasting using deep learning models in a smart grid scenario,Engineering Research Express,7,1,15387,2025,IOP Publishing
"Singh, Vivek; Govindarasu, Manimaran; ","Design of attack-resilient system for wide-area monitoring, protection, and control in smart grid",,,,,2020,
"Bindra, Ashok; ",Securing the power grid: Protecting smart grids and connected power systems from cyberattacks,IEEE Power Electronics Magazine,4,3,20-27,2017,IEEE
"Goffer, Mohammad Abdul; Uddin, Md Salah; Hasan, Syed Nazmul; Barikdar, Clinton Ronjon; Hassan, Jahid; Das, Niropam; Chakraborty, Partha; Hasan, Rakibul; ",AI-Enhanced Cyber Threat Detection and Response Advancing National Security in Critical Infrastructure,Journal of Posthumanism,5,3,1667–1689-1667–1689,2025,
"Wei, Longfei; ",Game-theoretic and machine-learning techniques for cyber-physical security and resilience in smart grid,,,,,2018,
"Ojadi, Jessica Obianuju; Odionu, Chinekwu Somtochukwu; Onukwulu, Ekene Cynthia; Owulade, Olumide Akindele; ",AI-Enabled Smart Grid Systems for Energy Efficiency and Carbon Footprint Reduction in Urban Energy Networks,International Journal of Multidisciplinary Research and Growth Evaluation,5,1,1549-1566,2024,
"Shilay, Devu Manikantan; Lorey, Kin Gwn; Weiz, Tianshu; Lovetty, Teems; Cheng, Yu; ",Catching anomalous distributed photovoltaics: An edge-based multi-modal anomaly detection,arXiv preprint arXiv:1709.08830,,,,2017,
"Husnoo, Muhammad Akbar; Anwar, Adnan; Haque, Md Enamul; Mahmood, AN; ",Decentralized Federated Anomaly Detection in Smart Grids: A P2P Gossip Approach,arXiv preprint arXiv:2407.15879,,,,2024,
"Tandiya, Nistha; Jauhar, Ahmad; Marojevic, Vuk; Reed, Jeffrey H; ",Deep predictive coding neural network for rf anomaly detection in wireless networks,2018 IEEE International Conference on Communications Workshops (ICC Workshops),,,6-Jan,2018,IEEE
"Buksh, Zain; Sharma, Neeraj A; Chand, Rishal; Kumar, Jashnil; Shawkat Ali, ABM; ",Cybersecurity Challenges in Smart Grid IoT,IoT for Smart Grid: Revolutionizing Electrical Engineering,,,175-206,2025,Wiley Online Library
"Jha, Rahul Kumar; ",Cybersecurity and confidentiality in smart grid for enhancing sustainability and reliability,Recent Research Reviews Journal,2,2,215-241,2023,
"Yedalla, Jayasudha; ",Building cyber-Resilient Smart Cities: The role of AI and big data in urban security,International Journal of Science and Research (IJSR),14,2,648-652,2025,
"Saber, Ahmad Mohammad; Youssef, Amr; Svetinovic, Davor; Zeineldin, Hatem H; El-Saadany, Ehab F; ",Anomaly-based detection of cyberattacks on line current differential relays,IEEE Transactions on Smart Grid,13,6,4787-4800,2022,IEEE
"Olson, Eric; ","Digital Transformation and AI in Energy Systems: Applications, Challenges, and the Path Forward",Digital Sustainability: Leveraging Digital Technology to Combat Climate Change,,,63-79,2024,Springer Nature Switzerland Cham
"Alhaidari, Fahd A; Al-Dahasi, Ezaz Mohammed; ",New approach to determine DDoS attack patterns on SCADA system using machine learning,2019 International conference on computer and information sciences (ICCIS),,,6-Jan,2019,IEEE
"Ruan, Jiaqi; Liang, Gaoqi; Zhao, Junhua; Zhao, Huan; Qiu, Jing; Wen, Fushuan; Dong, Zhao Yang; ",Deep learning for cybersecurity in smart grids: Review and perspectives,Energy Conversion and Economics,4,4,233-251,2023,Wiley Online Library
"Agnew, Dennis; Boamah, Sharon; Bretas, Arturo; McNair, Janise; ",Network security challenges and countermeasures for software-defined smart grids: A survey,Smart cities,7,4,2131-2181,2024,MDPI
"Rizvi, Syed; Scanlon, Mark; Mcgibney, Jimmy; Sheppard, John; ","Application of artificial intelligence to network forensics: Survey, challenges and future directions",Ieee Access,10,,110362-110384,2022,IEEE
"Patel, Keyur; Mistry, Chinmay; Gupta, Rajesh; Tanwar, Sudeep; Kumar, Neeraj; ",A systematic review on performance evaluation metric selection method for IoT-based applications,Microprocessors and Microsystems,101,,104894,2023,Elsevier
"Elsisi, Mahmoud; Su, Chun-Lien; Ali, Mahmoud N; ",Design of reliable IoT systems with deep learning to support resilient demand side management in smart grids against adversarial attacks,IEEE Transactions on Industry Applications,60,2,2095-2106,2023,IEEE
"Chan, Kit Yan; Yiu, Ka Fai Cedric; Kim, Dowon; Abu-Siada, Ahmed; ",Fuzzy clustering-based deep learning for short-term load forecasting in power grid systems using time-varying and time-invariant features,Sensors,24,5,1391,2024,MDPI
"FU, Yu; TIAN, JW; YIN, WP; XIONG, YQ; ",An efficient behavior-based intrusion detection system using oc-elm for intelligent substation in smart grid,"DEStech Transactions on Computer Science and Engineering, no. cimns",,,,2017,
"Ethirajan, Venkatraman; ",A Framework Built on Reliability and Deep Learning for Detecting Attacks in the Home Area Network of Smart Grids,,,,,2024,
"Balla, Asaad; Habaebi, Mohamed Hadi; Elsheikh, Elfatih AA; Islam, Md Rafiqul; Suliman, FM; ",The effect of dataset imbalance on the performance of SCADA intrusion detection systems,Sensors,23,2,758,2023,MDPI
"Goudarzi, Arman; Ghayoor, Farzad; Waseem, Muhammad; Fahad, Shah; Traore, Issa; ","A survey on IoT-enabled smart grids: emerging, applications, challenges, and outlook",Energies,15,19,6984,2022,MDPI
"Kyrdoda, Yuliia; Marzi, Giacomo; Dabić, Marina; Daim, Tugrul U; ",Cybersecurity technology: an analysis of the topic from 2011 to 2021,Cybersecurity,,,23-38,2023,Springer
"Zhou, Lei; Tong, Yongjie; Meng, Xiangshuang; ",Research on abnormal power consumption detection based on artificial intelligence,International Conference on Electronic Information Engineering and Data Processing (EIEDP 2023),12700,,288-292,2023,SPIE
"Vahidi, Saghar; Ghafouri, Mohsen; Au, Minh; Kassouf, Marthe; Mohammadi, Arash; Debbabi, Mourad; ","Security of wide-area monitoring, protection, and control (WAMPAC) systems of the smart grid: A survey on challenges and opportunities",IEEE Communications Surveys & Tutorials,25,2,1294-1335,2023,IEEE
"Chen, Lin; Jiang, Yixi; Kuang, Xiaoyun; Xu, Aidong; ",Deep learning detection method of encrypted malicious traffic for power grid,2020 IEEE International Conference on Energy Internet (ICEI),,,86-91,2020,IEEE
"Ma, Li; Chai, Ying; Cui, Lei; Ma, Dongchao; Fu, Yingxun; Xiao, Ailing; ",A deep learning-based DDoS detection framework for Internet of Things,ICC 2020-2020 IEEE International Conference on Communications (ICC),,,6-Jan,2020,IEEE
"Rashid, Abdur; Biswas, Parag; Biswas, Angona; Nasim, MD; Gupta, Kishor Datta; George, Roy; ",Present and Future of AI in Renewable Energy Domain: A Comprehensive Survey,arXiv preprint arXiv:2406.16965,,,,2024,
"Nagaraj, Keerthiraj; ",Graph and Machine Learning Solutions for Smart Grid and Mobile Network Security,,,,,2022,University of Florida
"Nhung-Nguyen, Hong; Girdhar, Mansi; Kim, Yong-Hwa; Hong, Junho; ",Machine-learning-based anomaly detection for GOOSE in digital substations,Energies,17,15,3745,2024,MDPI
"Gaggero, Giovanni Battista; Armellin, Alessandro; Ferro, Giulio; Robba, Michela; Girdinio, Paola; Marchese, Mario; ",BESS-Set: A Dataset for Cybersecurity Monitoring in a Battery Energy Storage System,IEEE Open Access Journal of Power and Energy,,,,2024,IEEE
"Anshuman, Zhijie Nie; Sajan, K Sadanandan; Srivastava, Anurag K; ",ML-based data anomaly mitigation and cyber-power transmission resiliency analysis,"2020 IEEE International Conference on Communications, Control, and Computing Technologies for Smart Grids (SmartGridComm)",,,6-Jan,2020,IEEE
"Bhambri, Pankaj; Pawełoszek, Ilona; ",Deep Learning Techniques for Intrusion Detection in Critical Infrastructure,Handbook of AI-Driven Threat Detection and Prevention,,,322-336,2025,CRC Press
"Hasan, Md Nazmul; Toma, Rafia Nishat; Nahid, Abdullah-Al; Islam, MM Manjurul; Kim, Jong-Myon; ",Electricity theft detection in smart grid systems: A CNN-LSTM based approach,Energies,12,17,3310,2019,MDPI
"Naderi, Ehsan; Aydeger, Abdullah; Asrari, Arash; ",Detection of false data injection cyberattacks targeting smart transmission/distribution networks,2022 IEEE Conference on Technologies for Sustainability (SusTech),,,224-229,2022,IEEE
"Aghazadeh Ardebili, Ali; Hasidi, Oussama; Bendaouia, Ahmed; Khalil, Adem; Khalil, Sabri; Luceri, Dalila; Longo, Antonella; Abdelwahed, El Hassan; Qassimi, Sara; Ficarella, Antonio; ",Enhancing resilience in complex energy systems through real-time anomaly detection: a systematic literature review,Energy Informatics,7,1,96,2024,Springer
"Meydani, Amir; Shahinzadeh, Hossein; Ramezani, Ali; Nafisi, Hamed; Gharehpetian, Gevork B; ",A Review and Analysis of Attack and Countermeasure Approaches for Enhancing Smart Grid Cybersecurity,2024 28th International Electrical Power Distribution Conference (EPDC),,,19-Jan,2024,IEEE
"Sundararajan, Aditya; Wei, Longfei; Khan, Tanwir; Sarwat, Arif I; Rodrigo, Deepal; ",A tri-modular framework to minimize smart grid cyber-attack cognitive gap in utility control centers,2018 Resilience Week (RWS),,,117-123,2018,IEEE
"Karimipour, Hadis; Srikantha, Pirathayini; Farag, Hany; Wei-Kocsis, Jin; ",Security of Cyber-Physical Systems: Vulnerability and Impact,,,,,2020,Springer
"Alhelou, Hassan Haes; Hatziargyriou, Nikos; Dong, Zhao Yang; ",Power Systems Cybersecurity,,,,,,Springer
"Vaigandla, K; Azmi, Nilofar; Karne, R; ",Investigation on intrusion detection systems (IDSs) in IoT,International Journal of Emerging Trends in Engineering Research,10,3,,2022,
"Ashok, Aditya; Govindarasu, Manimaran; Wang, Jianhui; ","Cyber-physical attack-resilient wide-area monitoring, protection, and control for the power grid",Proceedings of the IEEE,105,7,1389-1407,2017,IEEE
"Gong, Xundong; Liao, Shibo; Hu, Fei; Hu, Xiaoqing; Liu, Chunshan; ",Autoencoder-based anomaly detection for time series data in complex systems,2022 IEEE Asia Pacific Conference on Circuits and Systems (APCCAS),,,428-433,2022,IEEE
"Johnphill, Obinna; Sadiq, Ali Safaa; Al-Obeidat, Feras; Al-Khateeb, Haider; Taheir, Mohammed Adam; Kaiwartya, Omprakash; Ali, Mohammed; ",Self-healing in cyber–physical systems using machine learning: A critical analysis of theories and tools,Future Internet,15,7,244,2023,MDPI
"Rajvanshi, Saumya; Kaur, Gurleen; Mehta, Kapil; ",Machine Learning–Based Early Diagnosis of Unstable Cyber-Physical Systems,Intelligent Security Solutions for Cyber-Physical Systems,,,169-188,2024,Chapman and Hall/CRC
"Banik, Shampa; Banik, Trapa; ",Survey on Simulation and Vulnerability Testing in Smart Grid,,,,,2024,
"Mokhtari, Sohrab; Yen, Kang K; ","False Data Injection Attack Detection, Isolation, and Identification in Industrial Control Systems Based on Machine Learning: Application in Load Frequency Control",Electronics,13,16,3239,2024,MDPI
"Singh, Tanya; Nigam, Snigdha; Vijay, Eshita; Rathore, Ridhima; Bhosale, Snehal; Deogirikar, Abhijeet; ",Adaptive anomaly detection in sensor data: A comprehensive approach,2023 IEEE Technology & Engineering Management Conference-Asia Pacific (TEMSCON-ASPAC),,,7-Jan,2023,IEEE
"Ling, Amy Poh Ai; Masao, Mukaidono; ",Selection of model in developing information security criteria on smart grid security system,2011 IEEE ninth international symposium on parallel and distributed processing with applications workshops,,,91-98,2011,IEEE
"Alloghani, Mohamed Ahmed; ","Anomaly detection of energy consumption in cloud computing and buildings using artificial intelligence as a tool of sustainability: a systematic review of current trends, applications, and challenges",Artificial Intelligence and Sustainability,,,177-210,2023,Springer
"Kern, Dustin; Krauß, Christoph; ",Detection of e-mobility-based attacks on the power grid,2023 53rd Annual IEEE/IFIP International Conference on Dependable Systems and Networks (DSN),,,352-365,2023,IEEE
"Manokaran, J; Vairavel, G; Vijaya, J; ",PPFCM-SMOTE: a novel balancing system for anomaly detection in IoT edge using probabilistic possibilistic fuzzy clustering and SMOTE,International Journal of Information Technology,,,20-Jan,2024,Springer
"Nambundo, Jones Márcio; de Souza Martins Gomes, Otávio; de Souza, Adler Diniz; Machado, Raphael Carlos Santos; ",Cybersecurity and Major Cyber Threats of Smart Meters: A Systematic Mapping Review,Energies,18,6,1445,2025,MDPI
"Singh, Vivek Kumar; Tucker, Ethan; Rath, Suman; ",Federated machine learning-based anomaly detection system for synchrophasor network using heterogeneous data sets,2024 IEEE/PES Transmission and Distribution Conference and Exposition (T&D),,,5-Jan,2024,IEEE
"Xia, Zhuoqun; Chen, Yaling; Yin, Bo; Liang, Haolan; Zhou, Hongmei; Gu, Ke; Yu, Fei; ",Fed_ADBN: An efficient intrusion detection framework based on client selection in AMI network,Expert Systems,40,4,e12983,2023,Wiley Online Library
"Venkatachary, Sampath Kumar; Prasad, Jagdish; Alagappan, Annamalai; Andrews, Leo John Baptist; Raj, Raymon Antony; Duraisamy, Sarathkumar; ",Cybersecurity and Cyber-terrorism Challenges to Energy-Related Infrastructures-Cybersecurity Frameworks and Economics–Comprehensive review,International Journal of Critical Infrastructure Protection,,,100677,2024,Elsevier
"SMH, Sithi Shameem Fathima; ",Real-time implementation of IoT Enabled Cyber Attack Detection System (IoT-E-CADS) in Advanced Metering Infrastructure (AMI) using Machine Learning Technique (MLT),,,,,2024,
"Ferrag, Mohamed Amine; Shu, Lei; Djallel, Hamouda; Choo, Kim-Kwang Raymond; ",Deep learning-based intrusion detection for distributed denial of service attack in agriculture 4.0,Electronics,10,11,1257,2021,MDPI
"Phiri, Lukumba; ",A framework for cyber security risk modeling and mitigation in smart grid communication and control systems.,,,,,2023,The University of Zambia
"Alvee, Syed Raqueed Bin; Ahn, BoHyun; Ahmad, Seerin; Kim, Kyoung-Tak; Kim, Taesic; Zeng, Jianwu; ",Device-centric firmware malware detection for smart inverters using deep transfer learning,2022 IEEE Design Methodologies Conference (DMC),,,5-Jan,2022,IEEE
"Terzi, Duygu Sinanc; Arslan, Bilgehan; Sagiroglu, Seref; ",Smart grid security evaluation with a big data use case,"2018 IEEE 12th International Conference on Compatibility, Power Electronics and Power Engineering (CPE-POWERENG 2018)",,,6-Jan,2018,IEEE
"Sakhnini, Jacob; Karimipour, Hadis; Dehghantanha, Ali; Parizi, Reza M; ",Physical layer attack identification and localization in cyber–physical grid: An ensemble deep learning based approach,Physical Communication,47,,101394,2021,Elsevier
"Hassan, Muneeb Ul; Rehmani, Mubashir Husain; Chen, Jinjun; ",Anomaly detection in blockchain networks: A comprehensive survey,IEEE Communications Surveys & Tutorials,25,1,289-318,2022,IEEE
"Sen, Ömer; Eze, Chijioke; Ulbig, Andreas; Monti, Antonello; ",On holistic multi-step cyberattack detection via a graph-based correlation approach,"2022 IEEE International Conference on Communications, Control, and Computing Technologies for Smart Grids (SmartGridComm)",,,380-386,2022,IEEE
"Khan, Izhar Ahmed; Pi, Dechang; Khan, Zaheer Ullah; Hussain, Yasir; Nawaz, Asif; ",HML-IDS: A hybrid-multilevel anomaly prediction approach for intrusion detection in SCADA systems,IEEE Access,7,,89507-89521,2019,IEEE
"Akram, Rehan; Ayub, Nasir; Khan, Imran; Albogamy, Fahad R; Rukh, Gul; Khan, Sheraz; Shiraz, Muhammad; Rizwan, Kashif; ",Towards big data electricity theft detection based on improved rusboost classifiers in smart grid,Energies,14,23,8029,2021,MDPI
"Rachmawati, Anggi; ",Analysis of machine learning systems for cyber physical systems,International Transactions on Education Technology (ITEE),1,1,9-Jan,2022,
"Katragadda, Santhosh; Kehinde, Odubade; Kezron, Isabirye Edward; ",Anomaly detection: Detecting unusual behavior using machine learning algorithms to identify potential security threats or system failures,International Research Journal of Modernization in Engineering Technology and Science,2,5,1342-1350,2020,
"Basheer, Liloja; Ranjana, P; ",A comparative study of various intrusion detections in smart cities using machine learning,2022 International Conference on IoT and Blockchain Technology (ICIBT),,,6-Jan,2022,IEEE
"Ren, Jing; Xia, Feng; Liu, Yemeng; Lee, Ivan; ",Deep video anomaly detection: Opportunities and challenges,2021 international conference on data mining workshops (ICDMW),,,959-966,2021,IEEE
"Achuthan, Krishnashree; Sankaran, Sriram; Roy, Swapnoneel; Raman, Raghu; ",Integrating sustainability into cybersecurity: insights from machine learning based topic modeling,Discover Sustainability,6,1,44,2025,Springer
"Tajdinian, Mohsen; Mohammadpourfard, Mostafa; Goodarzi, Ali; ",Employing Machine Learning Algorithms to Identify False Data Injection in Smart Grid,2024 9th International Conference on Technology and Energy Management (ICTEM),,,5-Jan,2024,IEEE
"Abu-Rub, Omar H; Fard, Amin Y; Umar, Muhammad Farooq; Hosseinzadehtaher, Mohsen; Shadmands, Mohammad B; ",Towards intelligent power electronics-dominated grid via machine learning techniques,IEEE Power Electronics Magazine,8,1,28-38,2021,IEEE
"Hwang, Min-Shiang; Chang, Yung-Ling; Lin, Ko-Yu; Yang, Cheng-Ying; Lin, Iuon-Chang; ",Research on Data Security and Privacy of Smart Grids,Int. J. Netw. Secur,26,,901-910,2024,
"Egger, Michael; Eibl, Günther; Engel, Dominik; ",Comparison of approaches for intrusion detection in substations using the IEC 60870-5-104 protocol,Energy Informatics,3,Suppl 1,15,2020,Springer
"Haghighi, Mohammad Sayad; Farivar, Faezeh; Jolfaei, Alireza; ",A machine-learning-based approach to build zero-false-positive IPSs for industrial IoT and CPS with a case study on power grids security,IEEE Transactions on Industry Applications,60,1,920-928,2020,IEEE
"Mohamed, Amr S; Kundur, Deepa; ",On the use of reinforcement learning for attacking and defending load frequency control,IEEE Transactions on Smart Grid,15,3,3262-3277,2023,IEEE
"Bamigbade, Abdullahi; Dvorkin, Yury; Karri, Ramesh; ",Cyberattack on phase-locked loops in inverter-based energy resources,IEEE Transactions on Smart Grid,15,1,821-833,2023,IEEE
"Anthi, Eirini; Williams, Lowri; Burnap, Pete; Jones, Kevin; ",A three-tiered intrusion detection system for industrial control systems,Journal of Cybersecurity,7,1,tyab006,2021,Oxford University Press
"Murugavalli, E; Rajeswari, K; Thyagarajan, V Vinoth; Shruti, PS; Hemalatha, KR; ",Enhancing 5G Security Using Hybrid Learning Approach for Malware Detection and Classification,5G and Fiber Optics Security Technologies for Smart Grid Cyber Defense,,,113-142,2024,IGI Global
"Wu, Jianhui; ",Implementation of power grid fault diagnosis and prediction platform based on deep learning algorithms,2023 IEEE 15th International Conference on Computational Intelligence and Communication Networks (CICN),,,482-487,2023,IEEE
"Alzahrani, Ali; Aldhyani, Theyazn HH; ",Design of efficient based artificial intelligence approaches for sustainable of cyber security in smart industrial control system,Sustainability,15,10,8076,2023,MDPI
"Kim, Seong-Kyu; Huh, Jun-Ho; ",A study on the improvement of smart grid security performance and blockchain smart grid perspective,Energies,11,8,1973,2018,MDPI
"Surana, Amit; ",Koopman operator framework for time series modeling and analysis,Journal of Nonlinear Science,30,5,1973-2006,2020,Springer
"Han, Yongming; Wang, Yue; Cao, Yuan; Geng, Zhiqiang; Zhu, Qunxiong; ",A novel wrapped feature selection framework for developing power system intrusion detection based on machine learning methods,"IEEE Transactions on Systems, Man, and Cybernetics: Systems",53,11,7066-7076,2023,IEEE
"Rahimi, Armin; ",Developing a methodology for determining the effectiveness of security monitoring tools within a network,,,,,2018,Washington State University
"Mulongo, Jecinta; Atemkeng, Marcellin; Ansah-Narh, Theophilus; Rockefeller, Rockefeller; Nguegnang, Gabin Maxime; Garuti, Marco Andrea; ",Anomaly detection in power generation plants using machine learning and neural networks,Applied Artificial Intelligence,34,1,64-79,2020,Taylor & Francis
"Kumar, Ajit; Saxena, Neetesh; Choi, Bong Jun; ",Machine learning algorithm for detection of false data injection attack in power system,2021 International Conference on Information Networking (ICOIN),,,385-390,2021,IEEE
"Mokhtari, Sohrab; Abbaspour, Alireza; Yen, Kang K; Sargolzaei, Arman; ",A machine learning approach for anomaly detection in industrial control systems based on measurement data,Electronics,10,4,407,2021,MDPI
"Amin, Mahmoud; El-Sousy, Fayez FM; Aziz, Ghada A Abdel; Gaber, Khaled; Mohammed, Osama A; ",CPS attacks mitigation approaches on power electronic systems with security challenges for smart grid applications: A review,Ieee Access,9,,38571-38601,2021,IEEE
"Shukla, Apoorva; Dutta, Soham; Sahu, Sourav Kumar; Sadhu, Pradip Kumar; ",A narrative perspective of island detection methods under the lens of cyber-attack in data-driven smart grid,Journal of Electrical Systems and Information Technology,10,1,14,2023,Springer
"Oyewumi, Ibukun A; Jillepalli, Ananth A; Richardson, Philip; Ashrafuzzaman, Mohammad; Johnson, Brian K; Chakhchoukh, Yacine; Haney, Michael A; Sheldon, Frederick T; de Leon, Daniel Conte; ",Isaac: The idaho cps smart grid cybersecurity testbed,2019 IEEE Texas Power and Energy Conference (TPEC),,,6-Jan,2019,IEEE
"Wang, Zhenyi; Zhang, Hongcai; Deconinck, Geert; Song, Yonghua; ",A Unified Model for Smart Meter Data Applications,IEEE Transactions on Smart Grid,,,,2025,IEEE
"Mazhar, Tehseen; Irfan, Hafiz Muhammad; Haq, Inayatul; Ullah, Inam; Ashraf, Madiha; Shloul, Tamara Al; Ghadi, Yazeed Yasin; Imran; Elkamchouchi, Dalia H; ",Analysis of challenges and solutions of IoT in smart grids using AI and machine learning techniques: A review,Electronics,12,1,242,2023,MDPI
"Malik, Hasmat; Fatema, Nuzhat; Iqbal, Atif; ",Intelligent data-analytics for condition monitoring: smart grid applications,,,,,2021,Academic Press
"Sivamohan, Sivanandam; Sridhar, SS; Krishnaveni, Sivamohan; ",TEA-EKHO-IDS: An intrusion detection system for industrial CPS with trustworthy explainable AI and enhanced krill herd optimization,Peer-to-Peer Networking and Applications,16,4,1993-2021,2023,Springer
"Anbalagan, Sudha; Raja, Gunasekaran; Gurumoorthy, Sugeerthi; Suresh, R Deepak; Dev, Kapal; ",IIDS: Intelligent intrusion detection system for sustainable development in autonomous vehicles,IEEE Transactions on Intelligent Transportation Systems,24,12,15866-15875,2023,IEEE
"Yoo, Hyunguk; Shon, Taeshik; ",Novel approach for detecting network anomalies for substation automation based on IEC 61850,Multimedia Tools and Applications,74,,303-318,2015,Springer
"Zhou, Mengze; Wang, Yuhui; Srivastava, Anurag K; Wu, Yinghui; Banerjee, Paramarshi; ",Ensemble-based algorithm for synchrophasor data anomaly detection,IEEE Transactions on Smart Grid,10,3,2979-2988,2018,IEEE
"Nyangon, Joseph; ","Climate-proofing critical energy infrastructure: Smart grids, artificial intelligence, and machine learning for power system resilience against extreme weather events",Journal of Infrastructure Systems,30,1,3124001,2024,American Society of Civil Engineers
"Zhang, Dongxia; Han, Xiaoqing; Deng, Chunyu; ",Review on the research and practice of deep learning and reinforcement learning in smart grids,CSEE Journal of Power and Energy Systems,4,3,362-370,2018,CSEE
"Cifci, Ahmet; ",Interpretable prediction of a decentralized smart grid based on machine learning and explainable artificial intelligence,IEEE Access,,,,2025,IEEE
"Li, Jian Ping; Nneji, Grace Ugochi; Yutra, Abel Zenebe; Lemessa, Bona Debela; Nahar, Saifun; James, Edidiong Christopher; Haq, Amin Ul; ",The Capability of Wavelet Convolutional Neural Network for Detecting Cyber Attack of Distributed Denial of Service in Smart Grid,2021 18th International Computer Conference on Wavelet Active Media Technology and Information Processing (ICCWAMTIP),,,413-418,2021,IEEE
"Anderson, Roger N; Boulanger, Albert; Rudin, Cynthia; Waltz, David; Salleb-Aouissi, Ansaf; Chow, Maggie; Dutta, Haimonti; Gross, Phil; Bert, Huang; Ierome, Steve; ",Machine learning for power grid,,,,,2014,Google Patents
"Joy, ER; Bansal, RC; Ghenai, C; Terzija, V; Vorobev, P; Kumar, R; Sujil, A; ",Artificial intelligence and its applications in renewable integrated power systems,Energy,2004,,2965,2022,
"Mahmood, Rafah Kareem; Mahameed, Ans Ibrahim; Lateef, Noor Q; Jasim, Hasanain M; Radhi, Ahmed Dheyaa; Ahmed, Saadaldeen Rashid; Tupe-Waghmare, Priyanka; ",Optimizing network security with machine learning and multi-factor authentication for enhanced intrusion detection,Journal of Robotics and Control (JRC),5,5,1502-1524,2024,
"Dey, Saurabh; Ye, Qiang; Sampalli, Srinivas; ",A machine learning based intrusion detection scheme for data fusion in mobile clouds involving heterogeneous client networks,Information Fusion,49,,205-215,2019,Elsevier
"Putchala, Manoj Kumar; ",Deep learning approach for intrusion detection system (ids) in the internet of things (iot) network using gated recurrent neural networks (gru),,,,,2017,Wright State University
"Biswas, Parag; Rashid, Abdur; Al Masum, Abdullah; Al Nasim, MD Abdullah; Ferdous, ASM Anas; Gupta, Kishor Datta; Biswas, Angona; ","An Extensive and Methodical Review of Smart Grids for Sustainable Energy Management-Addressing Challenges with AI, Renewable Energy Integration and Leading-edge Technologies",IEEE Access,,,,2025,IEEE
"Gunduz, Muhammed Zekeriya; Das, Resul; ",Smart grid security: An effective hybrid CNN-based approach for detecting energy theft using consumption patterns,Sensors,24,4,1148,2024,MDPI
"Ribas Monteiro, Luiz Fernando; Rodrigues, Yuri R; Zambroni de Souza, AC; ",Cybersecurity in cyber–physical power systems,Energies,16,12,4556,2023,MDPI
"Ahmad, Hafiz Bilal; Gao, HaiChang; Latif, Naila; Aziiz, Abdul; Auraangzeb, Muhammad; Khan, Muhammad Tanveer; ",Adversarial machine learning for detecting advanced threats inspired by stuxnet in critical infrastructure networks,2024 12th International Symposium on Digital Forensics and Security (ISDFS),,,7-Jan,2024,IEEE
"Kumar, Ajit; Saxena, Neetesh; Jung, Souhwan; Choi, Bong Jun; ",Improving detection of false data injection attacks using machine learning with feature selection and oversampling,Energies,15,1,212,2021,MDPI
"Chan, Harris; Hammad, Eman; Kundur, Deepa; ",Investigating the impact of intrusion detection system performance on communication latency and power system stability,"Proceedings of the Workshop on Communications, Computation and Control for Resilient Smart Energy Systems",,,6-Jan,2016,
"Sun, Huadong; Ren, Yonghao; Wang, Shanshan; Zhao, Bing; Yin, Rui; ",Smart grid power load type forecasting: research on optimization methods of deep learning models,Frontiers in Energy Research,11,,1321459,2023,Frontiers Media SA
"Derhab, Abdelouahid; Aldweesh, Arwa; Emam, Ahmed Z; Khan, Farrukh Aslam; ",Intrusion detection system for internet of things based on temporal convolution neural network and efficient feature engineering,Wireless Communications and Mobile Computing,2020,1,6689134,2020,Wiley Online Library
"Nirmal, Santosh; Patil, Pramod; Kumar, Jambi Ratna Raja; ",CNN-AdaBoost based hybrid model for electricity theft detection in smart grid,"e-Prime-Advances in Electrical Engineering, Electronics and Energy",7,,100452,2024,Elsevier
"Protogerou, Aikaterini; Papadopoulos, Stavros; Drosou, Anastasios; Tzovaras, Dimitrios; Refanidis, Ioannis; ",A graph neural network method for distributed anomaly detection in IoT,Evolving Systems,12,1,19-36,2021,Springer
"Singh, Vivek Kumar; Govindarasu, Manimaran; Porschet, Donald; Shaffer, Edward; Berman, Morris; ","NEFTSec: Networked federation testbed for cyber‐physical security of smart grid: Architecture, applications, and evaluation",IET Cyber‐Physical Systems: Theory & Applications,7,4,197-211,2022,Wiley Online Library
"Ranganathan, Raghuram; Qiu, Robert; Hu, Zhen; Hou, Shujie; Chen, Zhe; Pazos-Revilla, Marbin; Guo, Nan; ",Cognitive radio network for Smart Grid,"Communication and Networking in Smart Grids. Auerbach Publications, Taylor & Francis Group",,,,2011,Citeseer
"Popoola, Segun I; Tsado, Yakubu; Ogunjinmi, Abimbola A; Sanchez-Velazquez, Erika; Peng, Yonghong; Rawat, Danda B; ",Multi-stage deep learning for intrusion detection in industrial internet of things,IEEE Access,,,,2025,IEEE
"Girdhar, Mansi; Hong, Junho; Lee, Hyojong; Song, Tai-Jin; ",Hidden markov models-based anomaly correlations for the cyber-physical security of ev charging stations,IEEE Transactions on Smart Grid,13,5,3903-3914,2021,IEEE
"Alalhareth, Mousa; Hong, Sung-Chul; ",An adaptive intrusion detection system in the internet of medical things using fuzzy-based learning,Sensors,23,22,9247,2023,MDPI
"Ganjkhani, Mehdi; Gholami, Amir; Giraldo, Jairo; Srivastava, Anurag K; Parvania, Masood; ",Multi-source data aggregation and real-time anomaly classification and localization in power distribution systems,IEEE Transactions on Smart Grid,15,2,2191-2202,2023,IEEE
"Syu, Jia-Hao; Lin, Jerry Chun-Wei; Srivastava, Gautam; ","AI-based electricity grid management for sustainability, reliability, and security",IEEE Consumer Electronics Magazine,13,1,91-96,2023,IEEE
"Pratama, Agus; Kusuma, Ratna; Setiawan, Budi; ",Enhancing Smart Grid and Autonomous Systems through 5G Networks and Multi-Source Data Integration,Eigenpub Review of Science and Technology,8,,133-150,,
"Toker, Onur; Khalghani, Mohammad Reza; ",Cyber anomaly detection design for microgrids using an artificial intelligent-based method,2022 North American Power Symposium (NAPS),,,5-Jan,2022,IEEE
"Das, Narottam; Haque, Akramul; Zaman, Hasneen; Morsalin, Sayidul; Islam, Syed; ",Exploring the potential application of IEC 61850 to enable energy interconnectivity in smart grid systems,IEEE Access,,,,2024,IEEE
"Sen, Ömer; Bleser, Nathalie; Ulbig, Andreas; ",Digital twin for evaluating detective countermeasures in smart grid cybersecurity,"2023 IEEE International Conference on Communications, Control, and Computing Technologies for Smart Grids (SmartGridComm)",,,6-Jan,2023,IEEE
"Annor-Asante, Michael; Pranggono, Bernardi; ",Development of smart grid testbed with low-cost hardware and software for cybersecurity research and education,Wireless Personal Communications,101,,1357-1377,2018,Springer
"Asif, Muhammad; Ullah, Ashraf; Munawar, Shoaib; Kabir, Benish; Pamir; Khan, Adil; Javaid, Nadeem; ",Alexnet-AdaBoost-ABC based hybrid neural network for electricity theft detection in smart grids,"Complex, Intelligent and Software Intensive Systems: Proceedings of the 15th International Conference on Complex, Intelligent and Software Intensive Systems (CISIS-2021)",,,249-258,2021,Springer
"Iwendi, Celestine; Rehman, Saif Ur; Javed, Abdul Rehman; Khan, Suleman; Srivastava, Gautam; ",Sustainable security for the internet of things using artificial intelligence architectures,ACM Transactions on Internet Technology (TOIT),21,3,22-Jan,2021,"ACM New York, NY"
"Ahsan, Faiaz; Dana, Nazia Hasan; Sarker, Subrata K; Li, Li; Muyeen, SM; Ali, Md Firoj; Tasneem, Zinat; Hasan, Md Mehedi; Abhi, Sarafat Hussain; Islam, Md Robiul; ",Data-driven next-generation smart grid towards sustainable energy evolution: techniques and technology review,Protection and Control of Modern Power Systems,8,3,Jan-42,2023,PSPC
"Badr, Mahmoud M; ",Security and privacy preservation for smart grid AMI using machine learning and cryptography,,,,,2022,Tennessee Technological University
"Li, Zeyi; Wang, Pan; Wang, Zixuan; ",Flowgananomaly: Flow-based anomaly network intrusion detection with adversarial learning,Chinese Journal of Electronics,33,1,58-71,2024,CIE
"Kilichev, Dusmurod; Turimov, Dilmurod; Kim, Wooseong; ","Next–generation intrusion detection for iot evcs: Integrating cnn, lstm, and gru models",Mathematics,12,4,571,2024,MDPI
"Appiah-Kubi, Jennifer; Liu, Chen-Ching; ",Cyberattack correlation and mitigation for distribution systems via machine learning,IEEE Open Access Journal of Power and Energy,10,,128-140,2023,IEEE
"Chalapathy, Raghavendra; Chawla, Sanjay; ",Deep learning for anomaly detection: A survey,arXiv preprint arXiv:1901.03407,,,,2019,
"Keshk, Marwa; Turnbull, Benjamin; Moustafa, Nour; Vatsalan, Dinusha; Choo, Kim-Kwang Raymond; ",A privacy-preserving-framework-based blockchain and deep learning for protecting smart power networks,IEEE Transactions on Industrial Informatics,16,8,5110-5118,2019,IEEE
"Zrelli, Amira; Nakkach, Cherfia; Ezzedine, Tahar; ",Cyber-security for IoT applications based on ANN algorithm,"2022 International Symposium on Networks, Computers and Communications (ISNCC)",,,5-Jan,2022,IEEE
"Eikeland, Odin Foldvik; Maria Bianchi, Filippo; Holmstrand, Inga Setså; Bakkejord, Sigurd; Santos, Sergio; Chiesa, Matteo; ",Uncovering contributing factors to interruptions in the power grid: An Arctic case,Energies,15,1,305,2022,MDPI
"Zafar, Muhammad Hamza; Bukhari, Syed Muhammad Salman; Abou Houran, Mohamad; Moosavi, Syed Kumayl Raza; Mansoor, Majad; Al-Tawalbeh, Nedaa; Sanfilippo, Filippo; ",Step towards secure and reliable smart grids in Industry 5.0: A federated learning assisted hybrid deep learning model for electricity theft detection using smart meters,Energy Reports,10,,3001-3019,2023,Elsevier
"Sinha, Smriti; Tomar, Deepak Singh; Pateriya, RK; ",Anomaly detection for edge computing: A systematic literature review,AIP Conference Proceedings,2705,1,,2023,AIP Publishing
"Rele, Mayur; Patil, Dipti; ",Enhancing safety and security in renewable energy systems within smart cities,2023 12th International Conference on Renewable Energy Research and Applications (ICRERA),,,105-114,2023,IEEE
"Sonntag, Daniel; Zillner, Sonja; van der Smagt, Patrick; Lörincz, András; ","Overview of the CPS for smart factories project: Deep learning, knowledge acquisition, anomaly detection and intelligent user interfaces",Industrial internet of things: Cybermanufacturing systems,,,487-504,2016,Springer
"Alghazali, Ahmed; Hanoosh, Zaid; ",Using a hybrid algorithm with intrusion detection system based on hierarchical deep learning for smart meter communication network,Webology,19,1,3850-3865,2022,
"Oujezsky, Vaclav; Mbarek, Bacem; Kasl, Frantisek; Pitner, Tomas; ",Selected Software and Tools for Smart Grid Simulation in Research,2023 15th International Congress on Ultra Modern Telecommunications and Control Systems and Workshops (ICUMT),,,102-106,2023,IEEE
"Lee, Ju Hyeon; Shin, Jiho; Seo, Jung Taek; ",Solar Power Plant Network Packet-Based Anomaly Detection System for Cybersecurity.,"Computers, Materials & Continua",77,1,,2023,
"Feng, Cheng; Li, Tingting; Chana, Deeph; ",Multi-level anomaly detection in industrial control systems via package signatures and LSTM networks,2017 47th Annual IEEE/IFIP International Conference on Dependable Systems and Networks (DSN),,,261-272,2017,IEEE
"Silva, Maheesha Dhashantha; Liu, Qi; ",A Review of NILM Applications with Machine Learning Approaches.,"Computers, Materials & Continua",79,2,,2024,
"Kravchik, Moshe; Shabtai, Asaf; ",Detecting cyber attacks in industrial control systems using convolutional neural networks,Proceedings of the 2018 workshop on cyber-physical systems security and privacy,,,72-83,2018,
"Waseem, Muhammad; Adnan Khan, Muhammad; Goudarzi, Arman; Fahad, Shah; Sajjad, Intisar Ali; Siano, Pierluigi; ","Incorporation of blockchain technology for different smart grid applications: Architecture, prospects, and challenges",Energies,16,2,820,2023,MDPI
"Zambare, Pallavi; Liu, Ying; ",Understanding cybersecurity challenges and detection algorithms for false data injection attacks in smart grids,IFIP International Internet of Things Conference,,,333-346,2023,Springer
"Wang, Wu; Harrou, Fouzi; Bouyeddou, Benamar; Senouci, Sidi-Mohammed; Sun, Ying; ",A stacked deep learning approach to cyber-attacks detection in industrial systems: application to power system and gas pipeline systems,Cluster Computing,,,18-Jan,2022,Springer
"Musleh, Ahmed S; Chen, Guo; Dong, Zhao Yang; ",A survey on the detection algorithms for false data injection attacks in smart grids,IEEE Transactions on Smart Grid,11,3,2218-2234,2019,IEEE
"Hu, Chengming; ",Ensemble feature learning-based event classification for cyber-physical security of the smart grid,,,,,2019,Concordia University
"Rakine, Imane; Oukaira, Aziz; El Guemmat, Kamal; Atouf, Issam; Ouahabi, Sara; Talea, Mohamed; Bouragba, Tarik; ",Comprehensive Review of Intrusion Detection Techniques: ML and DL in Different Networks,IEEE Access,,,,2025,IEEE
"Sikri, Alisha; Singh, Anurag; ",Classification of False Data Injection Attacks in Smart Grid using Multi Label Deep Learning,2023 International Conference on Distributed Computing and Electrical Circuits and Electronics (ICDCECE),,,6-Jan,2023,IEEE
"Abraham, Doney; Yayilgan, Sule Yildirim; Holik, Filip; Acevedo, Santiago Sanchez; Gebremedhin, Alemayehu; ",Cyber Attack Simulation and Detection in Digital Substation,2023 Third International Conference on Secure Cyber Computing and Communication (ICSCCC),,,762-768,2023,IEEE
"Tan, Zhiwei; Li, Zhuo; ",Digital twins for sustainable design and management of smart city buildings and municipal infrastructure,Sustainable Energy Technologies and Assessments,64,,103682,2024,Elsevier
"Shamshirband, Shahaboddin; Anuar, Nor Badrul; Kiah, Miss Laiha Mat; Patel, Ahmed; ",An appraisal and design of a multi-agent system based cooperative wireless intrusion detection computational intelligence technique,Engineering Applications of Artificial Intelligence,26,9,2105-2127,2013,Elsevier
"Natvig, Filip; ",Machine Learning for Power System Cybersecurity: Bridging Education and Innovation,,,,,2025,Uppsala universitet
"Bouke, Mohamed Aly; Abdullah, Azizol; ",An empirical assessment of ML models for 5G network intrusion detection: A data leakage-free approach,"e-Prime-Advances in Electrical Engineering, Electronics and Energy",8,,100590,2024,Elsevier
"Sedjelmaci, Hichem; Senouci, Sidi Mohammed; Al-Bahri, Mohamad; ",A lightweight anomaly detection technique for low-resource IoT devices: A game-theoretic methodology,2016 IEEE international conference on communications (ICC),,,6-Jan,2016,IEEE
"Mohan, Sathya Narayana; ",Distributed intrusion detection/prevention system design and implementation for secure SCADA communication in smart grid,,,,,2019,Iowa State University
"Kotenko, Igor; Saenko, Igor; Lauta, Oleg; Karpov, Mikhail; ",Methodology for management of the protection system of smart power supply networks in the context of cyberattacks,Energies,14,18,5963,2021,MDPI
"Li, Jialing; Liu, Lingjia; Zhao, Chenyuan; Hamedani, Kian; Atat, Rachad; Yi, Yang; ",Enabling sustainable cyber physical security systems through neuromorphic computing,IEEE Transactions on Sustainable Computing,3,2,112-125,2017,IEEE
"Chen, Qian; Kholidy, Hisham A; Abdelwahed, Sherif; Hamilton, John; ",Towards realizing a distributed event and intrusion detection system,"Future Network Systems and Security: Third International Conference, FNSS 2017, Gainesville, FL, USA, August 31-September 2, 2017, Proceedings",,,70-83,2017,Springer
"Nagarajan, Senthil Murugan; Deverajan, Ganesh Gopal; Bashir, Ali Kashif; Mahapatra, Rajendra Prasad; Al-Numay, Mohammed S; ",IADF-CPS: Intelligent anomaly detection framework towards cyber physical systems,Computer Communications,188,,81-89,2022,Elsevier
"Daim, Tugrul; Yalcin, Haydar; Mermoud, Alain; Mulder, Valentin; ",Exploring cybertechnology standards through bibliometrics: Case of National Institute of Standards and Technology,World Patent Information,77,,102278,2024,Elsevier
"Boakye-Boateng, Kwasi; Ghorbani, Ali A; Lashkari, Arash Habibi; ",A trust-influenced smart grid: A survey and a proposal,Journal of Sensor and Actuator Networks,11,3,34,2022,MDPI
"Khoei, Tala Talaei; Slimane, Hadjar Ould; Kaabouch, Naima; ","A comprehensive survey on the cyber-security of smart grids: Cyber-attacks, detection, countermeasure techniques, and future directions",arXiv preprint arXiv:2207.07738,,,,2022,
"Otokwala, Uneneibotejit; Petrovski, Andrei; Kalutarage, Harsha; ",Effective detection of cyber attack in a cyber-physical power grid system,"Advances in Information and Communication: Proceedings of the 2021 Future of Information and Communication Conference (FICC), Volume 1",,,812-829,2021,Springer
"Tatipatri, Naveen; Arun, SL; ","A comprehensive review on cyber-attacks in power systems: Impact analysis, detection, and cyber security",IEEE Access,12,,18147-18167,2024,IEEE
"Tsai, Chun-Wei; Pelov, Alexander; Chiang, Ming-Chao; Yang, Chu-Sing; Hong, Tzung-Pei; ",Computational awareness for smart grid: a review,International journal of machine learning and cybernetics,5,,151-163,2014,Springer
"Rakas, Slavica V Boštjančič; Stojanović, Mirjana D; Marković-Petrović, Jasna D; ",A review of research work on network-based scada intrusion detection systems,IEEE Access,8,,93083-93108,2020,IEEE
"Corbett, Chip; Weber, Charles M; Anderson, Timothy R; ",Smart Grid Cybersecurity in the Age of Artificial Intelligence,2024 Portland International Conference on Management of Engineering and Technology (PICMET),,,8-Jan,2024,IEEE
"Jiang, Luanjuan; Li, Qianmu; ",Navigating the Evolution of Smart Grid Cybersecurity: From Key Themes Identification to a Systematic Collaborative Framework for Sustainable Development,"Qianmu, Navigating the Evolution of Smart Grid Cybersecurity: From Key Themes Identification to a Systematic Collaborative Framework for Sustainable Development",,,,,
"Wei, Longfei; Rondon, Luis Puche; Moghadasi, Amir; Sarwat, Arif I; ",Review of cyber-physical attacks and counter defense mechanisms for advanced metering infrastructure in smart grid,2018 IEEE/PES Transmission and Distribution Conference and Exposition (T&D),,,9-Jan,2018,IEEE
"Shaik, Khaja Shareef; Kumar Thumboor, Naga Siva; Veluru, Siva Prasad; Bommagani, Naga Jagadesh; Sudarsa, Dorababu; Muppagowni, Ganesh Karthik; ",Enhanced SVM Model with Orthogonal Learning Chaotic Grey Wolf Optimization for Cybersecurity Intrusion Detection in Agriculture 4.0.,International Journal of Safety & Security Engineering,13,3,,2023,
"Alrowaili, Yazeed; Saxena, Neetesh; Srivastava, Anurag; Conti, Mauro; Burnap, Pete; ",A review: Monitoring situational awareness of smart grid cyber‐physical systems and critical asset identification,IET Cyber‐Physical Systems: Theory & Applications,8,3,160-185,2023,Wiley Online Library
"Chou, Jui-Sheng; Ngo, Ngoc-Tri; ",Smart grid data analytics framework for increasing energy savings in residential buildings,Automation in construction,72,,247-257,2016,Elsevier
"Muruti, Gopinath; Rahim, Fiza Abdul; bin Ibrahim, Zul-Azri; ",A survey on anomalies detection techniques and measurement methods,"2018 IEEE conference on application, information and network security (AINS)",,,81-86,2018,IEEE
"Al Jallad, Khloud; Aljnidi, Mohamad; Desouki, Mohammad Said; ",Big data analysis and distributed deep learning for next-generation intrusion detection system optimization,Journal of Big Data,6,1,88,2019,Springer
"Jiao, Runhai; Xun, Gangyi; Liu, Xuan; Yan, Guangwei; ",A new AC false data injection attack method without network information,IEEE Transactions on Smart Grid,12,6,5280-5289,2021,IEEE
"Kanimozhi, KV; Neelaveni, P; Seethalakshmi, K; Rao, N Venkatesvara; Prabhu, M; Naganathan, Suresh Babu Thandullu; ",Implementing real-time analytics for enhanced energy efficiency in IoT-integrated smart grid systems,2024 10th International Conference on Communication and Signal Processing (ICCSP),,,762-766,2024,IEEE
"Shafee, Ahmed; Nabil, Mahmoud; Mahmoud, Mohamed; Alasmary, Waleed; Amsaad, Fathi; ",Detection of denial of charge (DoC) attacks in smart grid using convolutional neural networks,"2021 International Symposium on Networks, Computers and Communications (ISNCC)",,,7-Jan,2021,IEEE
"Amer, Eslam; Elboghdadly, Tamer; ",Evaluating machine learning techniques for ICS security: Insights from dataset limitations and classifier performance,"2024 International Mobile, Intelligent, and Ubiquitous Computing Conference (MIUCC)",,,368-373,2024,IEEE
"Habbak, Hany; Mahmoud, Mohamed; Fouda, Mostafa M; Alsabaan, Maazen; Mattar, Ahmed; Salama, Gouda I; Metwally, Khaled; ",Efficient one-class false data detector based on deep svdd for smart grids,Energies,16,20,7069,2023,MDPI
"Liu, Qigang; Wang, Deming; Jia, Yuhang; Luo, Suyuan; Wang, Chongren; ",A multi-task based deep learning approach for intrusion detection,Knowledge-based systems,238,,107852,2022,Elsevier
"Zografopoulos, Ioannis; Srivastava, Ankur; Konstantinou, Charalambos; Zhao, Junbo; Jahromi, Amir Abiri; Chawla, Astha; Nguyen, Bang; Siqi, Bu; Li, Chendan; Teng, Fei; ",Cyber-Physical Interdependence for Power System Operation and Control,IEEE Transactions on Smart Grid,,,,2025,IEEE
"Hu, Chengming; Yan, Jun; Wang, Chun; ",Robust feature extraction and ensemble classification against cyber-physical attacks in the smart grid,2019 IEEE Electrical Power and Energy Conference (EPEC),,,6-Jan,2019,IEEE
"Hasan, Mohammad Kamrul; Habib, AKM Ahasan; Shukur, Zarina; Ibrahim, Fazil; Islam, Shayla; Razzaque, Md Abdur; ","Review on cyber-physical and cyber-security system in smart grid: Standards, protocols, constraints, and recommendations",Journal of network and computer applications,209,,103540,2023,Elsevier
"Panda, Mrutyunjaya; Abd Allah, A Mousa; Hassanien, Aboul Ella; ",Developing an efficient feature engineering and machine learning model for detecting IoT-botnet cyber attacks,IEEE Access,9,,91038-91052,2021,IEEE
"Reda, Haftu Tasew; Ray, Biplob; Peidaee, Pejman; Anwar, Adnan; Mahmood, Abdun; Kalam, Akhtar; Islam, Nahina; ",Vulnerability and impact analysis of the IEC 61850 GOOSE protocol in the smart grid,Sensors,21,4,1554,2021,MDPI
"Jiang, Dianbin; Zhao, Jingling; ",Machine learning in industrial control system security: A survey,Chinese Intelligent Systems Conference,,,310-317,2019,Springer
"Al Homoud, Leen; Reghunath, Rinith; Bayes, Safin; Peerzada, Aaqib; Davis, Katherine; Balog, Robert S; ",Cyber-physical defense in smart distribution networks,2021 North American Power Symposium (NAPS),,,6-Jan,2021,IEEE
"Liu, Yigu; Gao, Shibin; Shi, Jian; Wei, Xiaoguang; Han, Zhu; ",Sequential-mining-based vulnerable branches identification for the transmission network under continuous load redistribution attacks,IEEE Transactions on Smart Grid,11,6,5151-5160,2020,IEEE
"Morrison, Glenn Sean; ",Threats and mitigation of DDoS cyberattacks against the US power grid via EV charging,,,,,2018,Wright State University
"Sazib, Ahmmod Musa; Arefin, Joynul; Al Farabi, Sabab; Rayhan, Fozlur; Karim, Md Asif; Akhter, Shamima; ",Advancing Renewable Energy Systems through Explainable Artificial Intelligence: A Comprehensive Review and Interdisciplinary Framework,Journal of Computer Science and Technology Studies,7,2,56-70,2025,
"Singhal, Divya; Som, Subhranil; Ahuja, Laxmi; ",A review: IoT based smart grid,"2021 9th International Conference on Reliability, Infocom Technologies and Optimization (Trends and Future Directions)(ICRITO)",,,3-Jan,2021,IEEE
"Mishra, Sakshi; Glaws, Andrew; Palanisamy, Praveen; ",Predictive analytics in future power systems: A panorama and state-of-the-art of deep learning applications,"Optimization, learning, and control for interdependent complex networks",,,147-182,2020,Springer
"Jasim, Amenh A; Alheeti, Khattab M Ali; ",A Review Paper: Security for Supervisory Control and Data Acquisition SCADA Based on DNP3,2023 16th International Conference on Developments in eSystems Engineering (DeSE),,,800-805,2023,IEEE
"Promper, Christian; Engel, Dominik; Green, Robert C; ",Anomaly detection in smart grids with imbalanced data methods,2017 IEEE symposium series on computational intelligence (SSCI),,,8-Jan,2017,IEEE
"Rao, Vuda Sreenivasa; AFSANA ANJUM, DRS; AQEEL, IBRAHIM; KOTESWARI, DRS; KHAN, SHAMIM AHMAD; ",Energy exchange process for smart grid based on integrating blockchain with gcn-lstm,Journal of Theoretical and Applied Information Technology,101,24,,2023,
"Gondal, Taimoor Muzaffar; ",Anomaly Detection and Short-Term Forecasting in Electrical Load using Machine Learning Algorithms,,,,,2021,
"Mohammadpourfard, Mostafa; Ghanaatpishe, Fateme; Weng, Yang; Genc, Istemihan; Sandıkkaya, Mehmet Tahir; ",Real-time detection of cyber-attacks in modern power grids with uncertainty using deep learning,2022 International Conference on Smart Energy Systems and Technologies (SEST),,,6-Jan,2022,IEEE
"Aljohani, Abeer; ",Deep learning-based optimization of energy utilization in IoT-enabled smart cities: A pathway to sustainable development,Energy Reports,12,,2946-2957,2024,Elsevier
"ElKashlan, Mohamed; Aslan, Heba; Azer, Marianne A; ",DDoS attack detection in IoT using machine learning based intrusion detection system (IDS),2022 18th International Computer Engineering Conference (ICENCO),1,,19-24,2022,IEEE
"Wang, Yi; Chen, Qixin; Hong, Tao; Kang, Chongqing; ","Review of smart meter data analytics: Applications, methodologies, and challenges",IEEE Transactions on smart Grid,10,3,3125-3148,2018,IEEE
"Jana, Aryyama Kumar; Saha, Srija; ",Making Smart Grids Robust using Artificia l Intelligence for Threat Identification and Mitigation,Europea n Journal of Advances in Engineering and Technology,7,,71-77,2020,
"Vakakis, Nikolaos; Nikolis, Odysseas; Ioannidis, Dimosthenis; Votis, Konstantinos; Tzovaras, Dimitrios; ",Cybersecurity in SMEs: The smart-home/office use case,2019 IEEE 24th International Workshop on Computer Aided Modeling and Design of Communication Links and Networks (CAMAD),,,7-Jan,2019,IEEE
"Ullah, Imtiaz; Mahmoud, Qusay H; ",A framework for anomaly detection in IoT networks using conditional generative adversarial networks,IEEE Access,9,,165907-165931,2021,IEEE
"Babu, K; Sivasubramanian, S; Nivetha, CS; Senthil Kumar, R; ",Intelligent energy management system for smart grids using machine learning algorithms,E3S Web of Conferences,387,,5004,2023,EDP Sciences
"Yeganejou, Mojtaba; Ryan, Tessa; Reshadi, Mohammadhossein; Dick, Scott; Lipsett, Michael G; ",Condition Monitoring of Underground Power Cables Via Power-Line Modems and Anomaly Detection,IEEE Transactions on Power Delivery,39,1,12-Mar,2023,IEEE
"Cobilean, Victor; Mavikumbure, Harindra S; Mcbride, Brady J; Vaagensmith, Bjorn; Singh, Vivek Kumar; Li, Ruixuan; Rieger, Craig; Manic, Milos; ",A review of visualization methods for cyber-physical security: Smart grid case study,IEEE Access,11,,59788-59803,2023,IEEE
"Zhang, Zikai; Rath, Suman; Xu, Jiaohao; Xiao, Tingsong; ",Federated Learning for Smart Grid: A Survey on Applications and Potential Vulnerabilities,arXiv preprint arXiv:2409.10764,,,,2024,
"Alkanhel, Reem Ibrahim; El-Kenawy, El-Sayed M; Eid, Marwa M; Abualigah, Laith; Saeed, Mohammed A; ",Optimizing IoT-driven smart grid stability prediction with dipper throated optimization algorithm for gradient boosting hyperparameters,Energy Reports,12,,305-320,2024,Elsevier
"Tu, Chunming; He, Xi; Shuai, Zhikang; Jiang, Fei; ",Big data issues in smart grid–A review,Renewable and Sustainable Energy Reviews,79,,1099-1107,2017,Elsevier
"Soliman, Sahar; Oudah, Wed; Aljuhani, Ahamed; ",Deep learning-based intrusion detection approach for securing industrial Internet of Things,Alexandria Engineering Journal,81,,371-383,2023,Elsevier
"Alani, Mohammed M; Mauri, Lara; Damiani, Ernesto; ",A two-stage cyber attack detection and classification system for smart grids,Internet of Things,24,,100926,2023,Elsevier
"Zhang, Junfeng; Zhang, Hui; Ding, Song; Zhang, Xiaoxiong; ",Power consumption predicting and anomaly detection based on transformer and K-means,Frontiers in Energy Research,9,,779587,2021,Frontiers Media SA
"Sridhar, B; Nivas, B Santhosh; Raji, K; Nandhini, S; ",Survey on wireless sensor network attack detection using machine learning approach,2023 7th International Conference on Intelligent Computing and Control Systems (ICICCS),,,1347-1351,2023,IEEE
"Awotunde, Joseph Bamidele; Chakraborty, Chinmay; Adeniyi, Abidemi Emmanuel; ",Intrusion detection in industrial internet of things network‐based on deep learning model with rule‐based feature selection,Wireless communications and mobile computing,2021,1,7154587,2021,Wiley Online Library
"El-Ghaish, Hany; Miqrish, Haitham; Elmogy, Ahmed; Elawady, Wael; ",An adaptive nonlinear whale optimization multi-layer perceptron cyber intrusion detection framework,International Journal of Machine Learning and Cybernetics,15,10,4801-4814,2024,Springer
"Storm, Jon-Martin; Houmb, Siv Hilde; Kaliyar, Pallavi; Erdodi, Laszlo; Hagen, Janne Merete; ",Testing commercial intrusion detection systems for industrial control systems in a substation hardware in the loop testlab,Electronics,13,1,60,2023,MDPI
"Fragkos, Georgios; Johnson, Jay; Tsiropoulou, Eirini Eleni; ",Dynamic role-based access control policy for smart grid applications: an offline deep reinforcement learning approach,IEEE Transactions on Human-Machine Systems,52,4,761-773,2022,IEEE
"Li, Yanjie; Ji, Xiaoyu; Li, Chenggang; Xu, Xiaofeng; Yan, Wei; Yan, Xu; Chen, Yanjiao; Xu, Wenyuan; ",Cross-domain anomaly detection for power industrial control system,2020 IEEE 10th International Conference on Electronics Information and Emergency Communication (ICEIEC),,,383-386,2020,IEEE
"Haridas, Rohini; Sharma, Satish; Bhakar, Rohit; Gu, Chenghong; ","Cybersecurity Threats to Critical Energy Infrastructure in India: Challenges, Opportunities and Insights for Developing Nations",The Commonwealth Cyber Journal (CCJ),3,,53-78,2025,
"Prabhakar, Priti; Arora, Sujata; Khosla, Anita; Beniwal, Rajender Kumar; Arthur, Moses Ndole; Arias-Gonzáles, José Luis; Areche, Franklin Ore; ",Research Article Cyber Security of Smart Metering Infrastructure Using Median Absolute Deviation Methodology,,,,,2022,
"Cui, Lei; Qu, Youyang; Xie, Gang; Zeng, Deze; Li, Ruidong; Shen, Shigen; Yu, Shui; ",Security and privacy-enhanced federated learning for anomaly detection in IoT infrastructures,IEEE Transactions on Industrial Informatics,18,5,3492-3500,2021,IEEE
"Fernandez, Steven J; Shankar, Mallikarjun; Nutaro, James J; Liu, Yilu; Dimitrovski, Aleksandar D; Omitaomu, Olufemi A; Groer, Christopher S; Spafford, Kyle L; Vatsavai, Ranga R; ",Real-time simulation of power grid disruption,,,,,2013,Google Patents
"Almutlaq, Samah; Derhab, Abdelouahid; Hassan, Mohammad Mehedi; Kaur, Kuljeet; ",Two-stage intrusion detection system in intelligent transportation systems using rule extraction methods from deep neural networks,IEEE Transactions on Intelligent Transportation Systems,24,12,15687-15701,2022,IEEE
"Cheng, Min; Zhang, Dan; Yan, Wenlin; He, Lei; Zhang, Rongkui; Xu, Mingyu; ",Power system abnormal pattern detection for new energy big data,International Journal of Emerging Electric Power Systems,24,1,91-102,2023,De Gruyter
"Chavez, A; Lai, C; Jacobs, Nicholas; Hossain-McKenzie, Shamina; Jones, Christian Birk; Johnson, J; Summers, Adam; ",Hybrid intrusion detection system design for distributed energy resource systems,2019 IEEE CyberPELS (CyberPELS),,,6-Jan,2019,IEEE
"Anwar, Adnan; Mahmood, Abdun; Ray, Biplob; Mahmud, Md Apel; Tari, Zahir; ",Machine learning to ensure data integrity in power system topological network database,Electronics,9,4,693,2020,MDPI
"Szczepaniuk, Hubert; Szczepaniuk, Edyta Karolina; ",Applications of artificial intelligence algorithms in the energy sector,Energies,16,1,347,2022,MDPI
"Mazhar, Tehseen; Shahzad, Tariq; Rehman, Ateeq Ur; Hamam, Habib; ","Integration of smart grid with Industry 5.0: Applications, challenges and solutions",Measurement: Energy,,,100031,2024,Elsevier
"Hazman, Chaimae; Guezzaz, Azidine; Benkirane, Said; Azrour, Mourade; ",lIDS-SIoEL: intrusion detection framework for IoT-based smart environments security using ensemble learning,Cluster Computing,26,6,4069-4083,2023,Springer
"Loan, Fayaz Ahmad; Bisma, Bashir; Nahida, Nasreen; ",Global research productivity in cybersecurity: a scientometric study,"Global Knowledge, Memory and Communication",71,5-Apr,342-354,2022,Emerald Publishing Limited
"Nassar, A Abu; Morsi, WG; ",Detection of cyber-attacks and power disturbances in smart digital substations using continuous wavelet transform and convolution neural networks,Electric Power Systems Research,229,,110157,2024,Elsevier
"Liu, Ting; Sun, Yanan; Liu, Yang; Gui, Yuhong; Zhao, Yucheng; Wang, Dai; Shen, Chao; ",Abnormal traffic-indexed state estimation: A cyber–physical fusion approach for smart grid attack detection,Future Generation Computer Systems,49,,94-103,2015,Elsevier
"Mousa'B, Mohammad Shtayat; Hasan, Mohammad Kamrul; Sulaiman, Rossilawati; Islam, Shayla; Khan, Atta Ur Rehman; ",An explainable ensemble deep learning approach for intrusion detection in industrial internet of things,IEEE Access,11,,115047-115061,2023,IEEE
"Shaaban, Mostafa; Tariq, Usman; Ismail, Muhammad; Almadani, Nouf A; Mokhtar, Mohamed; ",Data-driven detection of electricity theft cyberattacks in PV generation,IEEE Systems Journal,16,2,3349-3359,2021,IEEE
"Halgamuge, Malka N; ",Leveraging deep learning to strengthen the cyber-resilience of renewable energy supply chains: A survey,IEEE Communications Surveys & Tutorials,26,3,2146-2175,2024,IEEE
"Panthi, Manikant; ",Identification of disturbances in power system and DDoS attacks using machine learning,IOP Conference Series: Materials Science and Engineering,1022,1,12096,2021,IOP Publishing
"Jeffrey, Nicholas; Tan, Qing; Villar, José R; ",A review of anomaly detection strategies to detect threats to cyber-physical systems,Electronics,12,15,3283,2023,MDPI
"Altamimi, Emran; Al‐Ali, Abdulaziz; Malluhi, Qutaibah M; Al‐Ali, Abdulla K; ",Smart grid public datasets: Characteristics and associated applications,IET Smart Grid,7,5,503-530,2024,Wiley Online Library
"Esmaeili, Mona; Goki, Seyedamiryousef Hosseini; Masjidi, Behnam Hajipour Khire; Sameh, Mahdi; Gharagozlou, Hamid; Mohammed, Amin Salih; ",ML‐DDoSnet: IoT intrusion detection based on denial‐of‐service attacks using machine learning methods and NSL‐KDD,Wireless Communications and Mobile Computing,2022,1,8481452,2022,Wiley Online Library
"Ahn, BoHyun; Kim, Taesic; Ahmad, Seerin; Mazumder, Sudip Kumar; Johnson, Jay; Mantooth, H Alan; Farnell, Chris; ",An overview of cyber-resilient smart inverters based on practical attack models,IEEE Transactions on Power Electronics,39,4,4657-4673,2023,IEEE
"Dutta, Ashit Kumar; Al Faraj, Manal; Albagory, Yasser; Sait, Abdul Rahaman Wahab; ",Intelligent Smart Grid Stability Predictive Model for Cyber-Physical Energy Systems.,Computer Systems Science & Engineering,44,2,,2023,
"Faisal, Mustafa Amir; Aung, Zeyar; Williams, John R; Sanchez, Abel; ",Securing advanced metering infrastructure using intrusion detection system with data stream mining,Pacific-Asia Workshop on Intelligence and Security Informatics,,,96-111,2012,Springer
"Kharlamova, Nina; Træhold, Chresten; Hashemi, Seyedmostafa; ",Cyberattack detection methods for battery energy storage systems,Journal of Energy Storage,69,,107795,2023,Elsevier
"Almehdhar, Mohammed; Albaseer, Abdullatif; Khan, Muhammad Asif; Abdallah, Mohamed; Menouar, Hamid; Al-Kuwari, Saif; Al-Fuqaha, Ala; ",Deep learning in the fast lane: A survey on advanced intrusion detection systems for intelligent vehicle networks,IEEE Open Journal of Vehicular Technology,,,,2024,IEEE
"Siva Shankar, S; Hung, Bui Thanh; Chakrabarti, Prasun; Chakrabarti, Tulika; Parasa, Gayatri; ",A novel optimization based deep learning with artificial intelligence approach to detect intrusion attack in network system,Education and Information Technologies,29,4,3859-3883,2024,Springer
"Tan, Song; De, Debraj; Song, Wen-Zhan; Yang, Junjie; Das, Sajal K; ",Survey of security advances in smart grid: A data driven approach,IEEE Communications Surveys & Tutorials,19,1,397-422,2016,IEEE
"Sudhakar, AVV; Goswami, Chandrshekhar; Neeraja, B; Jain, Amit Kumar; Gupta, Sandeep; Gowri, G; ",Wireless sensor network for fault detection using block chain technology based smart grid security,"International Conference on Data Science, Machine Learning and Applications",,,528-537,2023,Springer
"Hammad, Eman; Nag, Abhijit Kumar; Chennamaneni, Anitha; Aghashahi, Mohsen; Dogdu, Erdogan; ",A deep-defense approach for next-gen cyber-resilient inter-dependent critical infrastructure systems,2021 Resilience Week (RWS),,,7-Jan,2021,IEEE
"Saheed, Yakub Kayode; Abdulganiyu, Oluwadamilare Harazeem; Majikumna, Kaloma Usman; Mustapha, Musa; Workneh, Abebaw Degu; ",ResNet50-1D-CNN: A new lightweight resNet50-One-dimensional convolution neural network transfer learning-based approach for improved intrusion detection in cyber-physical systems,International Journal of Critical Infrastructure Protection,45,,100674,2024,Elsevier
"Nweke, Chidiebere C; Eze, Paulinus C; Ezenugu, Isaac A; Okorogu, Victor N; ","Methods, Potentials and Challenges of Machine Learning Based Artificial Intelligence Systems in Cyber Security",Methods,20,3,91-107,2024,
"Yang, Lei; Liang, Gaoshen; Yang, Yanrong; Ruan, Jiaqi; Yu, Peipei; Yang, Chao; ",Adversarial false data injection attacks on deep learning‐based short‐term wind speed forecasting,IET Renewable Power Generation,18,7,1370-1379,2024,Wiley Online Library
"Campbell, Richard J; ",The smart grid: Status and outlook,Congressional Research Service,,,Jul-00,2018,
"Rani, Shalli; Shabaz, Mohammad; Dutta, Ashit Kumar; Ahmed, Emad A; ",Enhancing privacy and security in IoT-based smart grid system using encryption-based fog computing,Alexandria engineering journal,102,,66-74,2024,Elsevier
"Omar, Madiah Binti; Ibrahim, Rosdiazli; Mantri, Rhea; Chaudhary, Jhanavi; Ram Selvaraj, Kaushik; Bingi, Kishore; ",Smart grid stability prediction model using neural networks to handle missing inputs,Sensors,22,12,4342,2022,MDPI
"Shrestha, Rakesh; Omidkar, Atefeh; Roudi, Sajjad Ahmadi; Abbas, Robert; Kim, Shiho; ",Machine-learning-enabled intrusion detection system for cellular connected UAV networks,Electronics,10,13,1549,2021,MDPI
"Aydın, Zühre; ",Detecting Cybersecurity Threats in Digital Energy Systems Using Deep learning for Imbalanced Datasets,International Journal of Energy Economics and Policy,15,3,614,2025,EconJournals
"Appasani, Bhargav; ",Smart Grid 3.0: Grid with Proactive Intelligence,Smart Grid 3.0: Computational and Communication Technologies,,,22-Jan,2023,Springer
"Mishra, Manohar; Nayak, Janmenjoy; Naik, Bignaraj; Patnaik, Bhaskar; ",Enhanced Memetic Algorithm‐Based Extreme Learning Machine Model for Smart Grid Stability Prediction,International Transactions on Electrical Energy Systems,2022,1,8038753,2022,Wiley Online Library
"Appiah-Kubi, Jennifer; Liu, Chen-Ching; ",Decentralized intrusion prevention (DIP) against co-ordinated cyberattacks on distribution automation systems,IEEE Open Access Journal of Power and Energy,7,,389-402,2020,IEEE
"Khan, Inam Ullah; Javaid, Nadeem; Taylor, C James; Ma, Xiandong; ",Robust data driven analysis for electricity theft attack-resilient power grid,IEEE Transactions on Power Systems,38,1,537-548,2022,IEEE
"Upadhyay, Darshana; Manero, Jaume; Zaman, Marzia; Sampalli, Srinivas; ",Intrusion detection in SCADA-based power grids: feature selection using gradient boosting scoring model with decision tree classifiers,"Natural Sciences and Engineering Research Council (NSERC), Canada",,,,2020,
"Palaniappan, Kanmani; Duraipandi, Brindha; Balasubramanian, Uma Maheswari; ",Dynamic behavioral profiling for anomaly detection in software-defined IoT networks: A machine learning approach,Peer-to-Peer Networking and Applications,17,4,2450-2469,2024,Springer
"Kaloudi, Nektaria; Li, Jingyue; ",The ai-based cyber threat landscape: A survey,ACM Computing Surveys (CSUR),53,1,Jan-34,2020,"ACM New York, NY, USA"
"Tufail, Shahid; Iqbal, Hasan; Tariq, Mohd; Sarwat, Arif; ",A Hybrid Machine Learning-Based Framework for Data Injection Attack Detection in Smart Grids Using PCA and Stacked Autoencoders,IEEE Access,,,,2025,IEEE
"Turowski, Marian; Weber, Moritz; Neumann, Oliver; Heidrich, Benedikt; Phipps, Kaleb; Çakmak, Hüseyin K; Mikut, Ralf; Hagenmeyer, Veit; ",Modeling and generating synthetic anomalies for energy and power time series,Proceedings of the Thirteenth ACM International Conference on Future Energy Systems,,,471-484,2022,
"Rangelov, Denis; Lämmel, Philipp; Brunzel, Lisa; Borgert, Stephan; Darius, Paul; Tcholtchev, Nikolay; Boerger, Michell; ",Towards an integrated methodology and toolchain for machine learning-based intrusion detection in urban IoT networks and platforms,Future Internet,15,3,98,2023,MDPI
"Hendaoui, Fatma; Ferchichi, Ahlem; Trabelsi, Lamia; Meddeb, Rahma; Ahmed, Rawia; Khelifi, Manel Khazri; ",Advances in deep learning intrusion detection over encrypted data with privacy preservation: a systematic review,Cluster Computing,27,7,8683-8724,2024,Springer
"Aghmadi, Ahmed; Hussein, Hossam; Polara, Ketulkumar Hitesh; Mohammed, Osama; ","A comprehensive review of architecture, communication, and cybersecurity in networked microgrid systems",Inventions,8,4,84,2023,MDPI
"Moumni, Nourchen; Châabane, Faten; Drira, Fadoua; ",Privacy-Preserving Anomaly Detection in Smart Meter Data Via Federated Learning,2023 International Conference on Cyberworlds (CW),,,516-517,2023,IEEE
"Soni, Vandana; Kumar, Naveen; Jain, Virendra; Santhoshkumar, G Praveen; ",Secure Communication Protocols for IoT-Enabled Smart Grids,"2024 International Conference on Innovative Computing, Intelligent Communication and Smart Electrical Systems (ICSES)",,,6-Jan,2024,IEEE
"Iindombo, Sakaria; Chitauro, Mercy; ",An Analysis of the Implementation of Blockchain Technology in Smart Grid Edge IoT Devices,2023 International Conference on Emerging Trends in Networks and Computer Communications (ETNCC),,,5-Jan,2023,IEEE
"Quincozes, Silvio Ereno; Albuquerque, Célio; Passos, Diego; Mossé, Daniel; ",Ereno: A framework for generating realistic iec–61850 intrusion detection datasets for smart grids,IEEE Transactions on Dependable and Secure Computing,21,4,3851-3865,2023,IEEE
"Yue, Meng; Hong, Tao; Wang, Jianhui; ",Descriptive analytics-based anomaly detection for cybersecure load forecasting,IEEE Transactions on Smart Grid,10,6,5964-5974,2019,IEEE
"Singh, Prateek; Garg, Saurabh; Kumar, Vinod; Saquib, Zia; ",A testbed for SCADA cyber security and intrusion detection,"2015 International Conference on Cyber Security of Smart Cities, Industrial Control System and Communications (SSIC)",,,6-Jan,2015,IEEE
"Ogunmoye, Kehinde Adedapo; Agupugo, Chijioke Paul; Ejichukwu, Emmanuella; Barros, Pedro; Hayden, Mario David; ",Protecting the Grid: Cybersecurity strategies for renewable energy integration,,,,,2025,
"Markovska, Marija; Gerazov, Branislav; Zlatkova, Aleksandra; Taskovski, Dimitar; ",Electricity theft detection based on temporal convolutional networks with self-attention,"2023 30th International Conference on Systems, Signals and Image Processing (IWSSIP)",,,5-Jan,2023,IEEE
"Bendiab, Gueltoum; Grammatikakis, Konstantinos-Panagiotis; Koufos, Ioannis; Kolokotronis, Nicholas; Shiaeles, Stavros; ",Advanced metering infrastructures: Security risks and mitigation,"Proceedings of the 15th international conference on availability, reliability and security",,,8-Jan,2020,
"Yang, Xue; Howley, Enda; Schukat, Michael; ",ADT: Time series anomaly detection for cyber-physical systems via deep reinforcement learning,Computers & Security,141,,103825,2024,Elsevier
"Singh, Vivek Kumar; Vaughan, Evan; Rivera, Joshua; Hasandka, Adarsh; ",Hides: Hybrid intrusion detector for energy systems,2020 IEEE Texas Power and Energy Conference (TPEC),,,6-Jan,2020,IEEE
"Saghezchi, Firooz B; Mantas, Georgios; Violas, Manuel A; de Oliveira Duarte, A Manuel; Rodriguez, Jonathan; ",Machine learning for DDoS attack detection in industry 4.0 CPPSs,Electronics,11,4,602,2022,MDPI
"Bhowmik, Trisha; Bhadwaj, Abhishek; Kumar, Avinash; Bhushan, Bharat; ",Machine learning and deep learning models for privacy management and data analysis in smart cites,Recent Advances in Internet of Things and Machine Learning: Real-World Applications,,,165-188,2022,Springer
"Rubio, Sergio; Bogarra, Santiago; Nunes, Marco; Gomez, Xavier; ","Smart grid protection, automation and control: challenges and opportunities",Applied Sciences,15,6,3186,2025,MDPI
"Khan, Saleha; Fatima, Tanveer; ",Performance Analysis of Intrusion Detection System using Supervised Classification Approach,,,,,,
"Mwansa, Mutinta; Hurst, William; Chalmers, Carl; Shen, Yuanyuan; Boddy, Aaron; ",A study into smart grid consumer-user profiling for security applications,Cloud Computing,2018,,17,2018,
"Usmani, Usman Ahmad; Happonen, Ari; Watada, Junzo; ",A review of unsupervised machine learning frameworks for anomaly detection in industrial applications,Science and Information Conference,,,158-189,2022,Springer
"Fang, Xi; Misra, Satyajayant; Xue, Guoliang; Yang, Dejun; ",Smart grid—The new and improved power grid: A survey,IEEE communications surveys & tutorials,14,4,944-980,2011,Ieee
"Haghnegahdar, Lida; ",Enabling Smart Grid Communications and Network Reliability with Decentralized Technology Modeling and Cyber Security Analysis,,,,,2020,State University of New York at Binghamton
"Unsal, Derya Betul; Ustun, Taha Selim; Hussain, SM Suhail; Onen, Ahmet; ",Enhancing cybersecurity in smart grids: False data injection and its mitigation,Energies,14,9,2657,2021,MDPI
"Faisal, Mustafa Amir; ",Securing Advanced Metering Infrastructure (AMI) in Smart Grid using Intrusion Detection System (IDS),Masdar: Masdar Institute of Science and Technology,,,,2012,
"Dunmore, Aeryn; Jang-Jaccard, Julian; Sabrina, Fariza; Kwak, Jin; ",A comprehensive survey of generative adversarial networks (GANs) in cybersecurity intrusion detection,IEEE Access,11,,76071-76094,2023,IEEE
"Xu, Guobin; Moulema, Paul; Ge, Linqang; Song, Houbing; Yu, Wei; ",A unified framework for secured energy resource management in smart grid,"Smart Grid: Networking, Data Management, and Business Models",2016,,73-96,2016,CRC Press
"Thakur, Rahul; ",A Novel Data Mining Approach for Intrusion Detection in Smart Grids,Advancing Sustainable Science and Technology for a Resilient Future,,,235-238,2024,CRC Press
"Tchao, Eric Tutu; Quansah, David Ato; Klogo, Griffith Selorm; Boafo-Effah, Francis; Kotei, Seth; Nartey, Clement; Ofosu, Willie K; ",On cloud-based systems and distributed platforms for smart grid integration: Challenges and prospects for Ghana's Grid Network,Scientific African,12,,e00796,2021,Elsevier
"Qaddoori, Sahar Lazim; Ali, Qutaiba Ibrahim; ",An embedded intrusion detection and prevention system for home area networks in advanced metering infrastructure,IET Information Security,17,3,315-334,2023,Wiley Online Library
"Cuper, Matúš; Lóderer, Marek; Rozinajová, Viera; ",Detection of abnormal load consumption in the power grid using clustering and statistical analysis,"Intelligent Data Engineering and Automated Learning–IDEAL 2019: 20th International Conference, Manchester, UK, November 14–16, 2019, Proceedings, Part I 20",,,464-475,2019,Springer
"Sonker, Sanjay Kumar; Sagar, Bharat Bhushan; ",Fog-based IoT-enabled system security: A survey,Automation and Computation,,,56-65,2023,CRC Press
"Khan, Inam Ullah; Ouaissa, Mariya; Ouaissa, Mariyam; Fayaz, Muhammad; Ullah, Rehmat; ","Artificial Intelligence for Intelligent Systems: Fundamentals, Challenges, and Applications",,,,,2024,CRC Press
"Alami, Hamza; Idrissi, Meryem Janati; El Mahdaouy, Abdelkader; Bouayad, Abdelhak; Yartaoui, Zakaria; Berrada, Ismail; ",Investigating domain adaptation for network intrusion detection,2023 10th International Conference on Wireless Networks and Mobile Communications (WINCOM),,,7-Jan,2023,IEEE
"Agrawal, Anand; Sazos, Marios; Al Durra, Ahmed; Maniatakos, Michail; ",Towards robust power grid attack protection using lightgbm with concept drift detection and retraining,Proceedings of the 2020 Joint Workshop on CPS&IoT Security and Privacy,,,31-36,2020,
"MM, Savitha; PI, Basarkod; ",Securing AMI-IoT networks against multiple RPL attacks using ensemble learning IDS and light-chain based prediction detection and mitigation mechanisms,Information Security Journal: A Global Perspective,33,1,73-95,2024,Taylor & Francis
"Efatinasab, Emad; Brighente, Alessandro; Rampazzo, Mirco; Azadi, Nahal; Conti, Mauro; ",GAN-GRID: A Novel Generative Attack on Smart Grid Stability Prediction,European Symposium on Research in Computer Security,,,374-393,2024,Springer
"Kumar, Gulshan; Alqahtani, Hamed; ","Machine Learning Techniques for Intrusion Detection Systems in SDN-Recent Advances, Challenges and Future Directions.",CMES-Computer Modeling in Engineering & Sciences,134,1,,2023,
"Khalid, Zubair; Abbas, Ghulam; Awais, Muhammad; Alquthami, Thamer; Rasheed, Muhammad Babar; ",A novel load scheduling mechanism using artificial neural network based customer profiles in smart grid,Energies,13,5,1062,2020,MDPI
"Salkuti, Surender Reddy; ",A survey of big data and machine learning.,International Journal of Electrical & Computer Engineering (2088-8708),10,1,,2020,
"Abbo, Ismael; Tchomte, Naomi Dassi; ",Feature Engineering and Computer Vision for Cybersecurity: A Brief State-of-the-Art,Global Perspectives on the Applications of Computer Vision in Cybersecurity,,,155-174,2024,IGI Global
"Chen, Chuchu; Li, Qiang; Chen, Li; Liang, Yule; Huang, Hui; ",An improved GraphSAGE to detect power system anomaly based on time-neighbor feature,Energy Reports,9,,930-937,2023,Elsevier
"Hossen, Tareq; Amariucai, George; Mirafzal, Behrooz; ",Integrating an analytical risk factor into a neural network framework for self-protective inverters,IEEE Journal of Emerging and Selected Topics in Power Electronics,12,2,1535-1544,2023,IEEE
"Liu, Kaijun; Xu, Shengwei; Xu, Guoai; Zhang, Miao; Sun, Dawei; Liu, Haifeng; ",A review of android malware detection approaches based on machine learning,IEEE access,8,,124579-124607,2020,IEEE
"Faquir, Dharmesh; Chouliaras, Nestoras; Sofia, Vlachou; Olga, Kalopoulou; Maglaras, Leandros; ","Cybersecurity in smart grids, challenges and solutions",AIMS Electronics and Electrical Engineering,5,1,24-37,2021,AIMS Press
"Ustun, Taha Selim; Hussain, SM Suhail; Yavuz, Levent; Onen, Ahmet; ",Artificial intelligence based intrusion detection system for IEC 61850 sampled values under symmetric and asymmetric faults,Ieee Access,9,,56486-56495,2021,IEEE
"Taha, Taha A; Hassan, Mohd Khair; Zaynal, Hussein I; Wahab, Noor Izzri Abdul; ",Big data for smart grid: a case study,Big Data Analytics Framework for Smart Grids,,,142-180,2023,CRC Press
"Oprea, Simona-Vasilica; Bâra, Adela; ",Machine learning classification algorithms and anomaly detection in conventional meters and Tunisian electricity consumption large datasets,Computers & Electrical Engineering,94,,107329,2021,Elsevier
"Tuballa, Maria Lorena; Abundo, Michael Lochinvar; ",A review of the development of Smart Grid technologies,Renewable and Sustainable Energy Reviews,59,,710-725,2016,Elsevier
"Chandre, Pankaj R; Mahalle, Parikshit N; Shinde, Geetanjali R; Dhotre, Prashant S; ",Intrusion detection and prevention system for wireless sensor network using machine learning: a comprehensive survey and discussion,Handbook on ICT in developing countries,,,201-236,2022,River Publishers
"Guo, Yuanjun; Yang, Zhile; Feng, Shengzhong; Hu, Jinxing; ",Complex power system status monitoring and evaluation using big data platform and machine learning algorithms: a review and a case study,Complexity,2018,1,8496187,2018,Wiley Online Library
"Jokar, Paria; ",Detection of malicious activities against advanced metering infrastructure in smart grid,,,,,2015,University of British Columbia
"Huang, Xiaoge; Qin, Zhijun; Liu, Hui; ",A survey on power grid cyber security: From component-wise vulnerability assessment to system-wide impact analysis,IEEE Access,6,,69023-69035,2018,IEEE
"Yigit, Yagmur; Bal, Bahadir; Karameseoglu, Aytac; Duong, Trung Q; Canberk, Berk; ",Digital twin-enabled intelligent ddos detection mechanism for autonomous core networks,IEEE Communications Standards Magazine,6,3,38-44,2022,IEEE
"Yin, Jie; Shi, Yuxuan; Deng, Wen; Yin, Chang; Wang, Tiannan; Song, Yuchen; Li, Tianyao; Li, Yicheng; ",Internet of things intrusion detection system based on convolutional neural network,"Computers, Materials and Continua",75,1,2119-2135,2023,Elsevier
"Otokwala, Uneneibotejit J; Petrovskiy, Andrey V; Kotenko, Igor V; ",Enhancing intrusion detection through data perturbation augmentation strategy,"2024 IEEE Ural-Siberian Conference on Biomedical Engineering, Radioelectronics and Information Technology (USBEREIT)",,,269-272,2024,IEEE
"Kayalvizhy, V; Banumathi, A; ",A survey on cyber security attacks and countermeasures in smart grid metering network,2021 5th International Conference on Computing Methodologies and Communication (ICCMC),,,160-165,2021,IEEE
"Salam, Abdulwahed; El Hibaoui, Abdelaaziz; ",Applying deep learning model to predict smart grid stability,2021 9th International Renewable and Sustainable Energy Conference (IRSEC),,,9-Jan,2021,IEEE
"Gaggero, Giovanni Battista; Piserà, Diego; Girdinio, Paola; Silvestro, Federico; Marchese, Mario; ",Novel cybersecurity issues in smart energy communities,2023 1st International Conference on Advanced Innovations in smart cities (ICAISC),,,6-Jan,2023,IEEE
"Zhou, Min; Li, Jian; Geng, Wei; Yan, Tong; Ma, Yuan; Cao, Xiu; ",IAPSG: A novel intelligent application platform for smart grid,IOP Conference Series: Earth and Environmental Science,632,4,42055,2021,IOP Publishing
"Sajol, Md Saiful Islam; Ahmed, Imtiaz; Mahmud, Quazi Sanjid; ",Synthetic minority oversampling technique enhanced machine learning models for energy theft detection,2024 IEEE Kansas Power and Energy Conference (KPEC),,,6-Jan,2024,IEEE
"Ghiasi, Mohammad; Dehghani, Moslem; Niknam, Taher; Kavousi-Fard, Abdollah; ",Investigating overall structure of cyber-attacks on smart-grid control systems to improve cyber resilience in power system,Network,1,1,6-Jan,2020,
"Liu, Qi; Hagenmeyer, Veit; Keller, Hubert B; ",A review of rule learning-based intrusion detection systems and their prospects in smart grids,Ieee Access,9,,57542-57564,2021,IEEE
"Uppal, Mudita; Gulzar, Yonis; Gupta, Deepali; Uppal, Jayant; Kumar, Mukesh; Saini, Shilpa; ",Enhancing accuracy through ensemble based machine learning for intrusion detection and privacy preservation over the network of smart cities,Discover Internet of Things,5,1,11,2025,Springer
"Zhu, Ruoxi; Liu, Chen-Ching; Hong, Junho; Wang, Jiankang; ",Intrusion detection against MMS-based measurement attacks at digital substations,IEEE Access,9,,1240-1249,2020,IEEE
"Ayodeji, Abiodun; Liu, Yong-kuo; Chao, Nan; Yang, Li-qun; ",A new perspective towards the development of robust data-driven intrusion detection for industrial control systems,Nuclear engineering and technology,52,12,2687-2698,2020,Elsevier
"Ajiboye, Priscilla Oyeladun; Agyekum, Kwame Opuni-Boachie Obour; Frimpong, Emmanuel Asuming; ",Privacy and security of advanced metering infrastructure (AMI) data and network: a comprehensive review,Journal of Engineering and Applied Science,71,1,91,2024,Springer
"Biswas, Parag; Rashid, Abdur; Biswas, Angona; Nasim, Md Abdullah Al; Chakraborty, Sovon; Gupta, Kishor Datta; George, Roy; ",AI-driven approaches for optimizing power consumption: a comprehensive survey,Discover Artificial Intelligence,4,1,116,2024,Springer
"Albaseer, Abdullatif; Abdallah, Mohamed; ",Privacy-preserving honeypot-based detector in smart grid networks: A new design for quality-assurance and fair incentives federated learning framework,2023 IEEE 20th Consumer Communications & Networking Conference (CCNC),,,722-727,2023,IEEE
"Nazir, Sajid; Hamdoun, Hassan; Alzubi, Jafar; ",Cyber attack challenges and resilience for smart grids,European Journal of Scientific Research,,,,2015,
"Aligholian, Armin; Shahsavari, Alireza; Stewart, Emma M; Cortez, Ed; Mohsenian-Rad, Hamed; ","Unsupervised event detection, clustering, and use case exposition in micro-pmu measurements",IEEE Transactions on Smart Grid,12,4,3624-3636,2021,IEEE
"Fadlullah, Zubair Md; Fouda, Mostafa M; Kato, Nei; Shen, Xuemin; Nozaki, Yousuke; ",An early warning system against malicious activities for smart grid communications,IEEE Network,25,5,50-55,2011,IEEE
"Liu, Junjiao; Yin, Libo; Hu, Yan; Lv, Shichao; Sun, Limin; ",A novel intrusion detection algorithm for industrial control systems based on CNN and process state transition,2018 IEEE 37th International Performance Computing and Communications Conference (IPCCC),,,8-Jan,2018,IEEE
"Moldovan, Dorin; Salomie, Ioan; ",Detection of sources of instability in smart grids using machine learning techniques,2019 IEEE 15th International Conference on Intelligent Computer Communication and Processing (ICCP),,,175-182,2019,IEEE
"Idrissi, Idriss; Azizi, Mostafa; Moussaoui, Omar; ",A stratified IoT deep learning based intrusion detection system,"2022 2nd international conference on innovative research in applied science, engineering and technology (IRASET)",,,8-Jan,2022,IEEE
"Shahsavari, Alireza; Farajollahi, Mohammad; Stewart, Emma M; Cortez, Ed; Mohsenian-Rad, Hamed; ",Situational awareness in distribution grid using micro-PMU data: A machine learning approach,IEEE Transactions on Smart Grid,10,6,6167-6177,2019,IEEE
"Manimurugan, S; ",IoT-Fog-Cloud model for anomaly detection using improved Naïve Bayes and principal component analysis,Journal of Ambient Intelligence and Humanized Computing,,,10-Jan,2021,Springer
"Chen, Jian; Mohamed, Mohamed A; Dampage, Udaya; Rezaei, Mostafa; Salmen, Saleh H; Obaid, Sami Al; Annuk, Andres; ",A multi-layer security scheme for mitigating smart grid vulnerability against faults and cyber-attacks,Applied Sciences,11,21,9972,2021,MDPI
"Alomrani, Mhd Ali; Tushar, Mosaddek Hossain Kamal; Kundur, Deepa; ",Detecting state of charge false reporting attacks via reinforcement learning approach,IEEE Transactions on Intelligent Transportation Systems,24,10,10467-10476,2023,IEEE
"Wu, Jun; Ota, Kaoru; Dong, Mianxiong; Li, Jianhua; Wang, Hongkai; ",Big data analysis-based security situational awareness for smart grid,IEEE Transactions on Big Data,4,3,408-417,2016,IEEE
"Cui, Lingling; Liao, Jiacheng; ",Intelligent power grid energy supply forecasting and economic operation management using the snake optimizer algorithm with Bigur-attention model,Frontiers in Energy Research,11,,1273947,2023,Frontiers Media SA
"Barros, Pedro; Agupugo, Chijioke Paul; Ejichukwu, Emmanuella; Ogunmoye, Kehinde Adedapo; Hayden, Mario David; ",Decentralized energy security: Cybersecurity challenges and opportunities in distributed renewable energy,,,,,2025,
"Gupta, Brij B; Akhtar, Tafseer; ","A survey on smart power grid: frameworks, tools, security issues, and solutions",Annals of Telecommunications,72,,517-549,2017,Springer
"Lu, Lin-Yu; Liu, Hao Jan; Zhu, Hao; Chu, Chia-Chi; ",Intrusion detection in distributed frequency control of isolated microgrids,IEEE Transactions on Smart Grid,10,6,6502-6515,2019,IEEE
"Mohammad, Farah; Saleem, Kashif; Al-Muhtadi, Jalal; ",Ensemble-learning-based decision support system for energy-theft detection in smart-grid environment,Energies,16,4,1907,2023,MDPI
"Balakrishna, G; Kumar, Aniruddh; Tamilselvan, V; Younas, Ammar; Kumar, NMG; Rastogi, Ravi; ",A novel ensembling of CNN-A-LSTM for IoT electric vehicle charging stations based on intrusion detection system,2023 International Conference on Self Sustainable Artificial Intelligence Systems (ICSSAS),,,1312-1317,2023,IEEE
"Dargaoui, Souhayla; Azrour, Mourade; El Allaoui, Ahmed; Amounas, Fatima; Guezzaz, Azidine; Attou, Hanaa; Hazman, Chaimae; Benkirane, Said; Bouazza, Sara Haddou; ",An overview of the security challenges in IoT environment,Advanced technology for smart environment and energy,,,151-160,2023,Springer
"Hu, Yan; Yang, An; Li, Hong; Sun, Yuyan; Sun, Limin; ",A survey of intrusion detection on industrial control systems,International Journal of Distributed Sensor Networks,14,8,1.55015E+15,2018,"SAGE Publications Sage UK: London, England"
"Onoshakpor, RM; Okafor, KC; ",Cyber security in smart grid convolution networks (SGCNs),2017 IEEE 3rd International Conference on Electro-Technology for National Development (NIGERCON),,,392-399,2017,IEEE
"Sunday, Seun Mayowa; ",Developing Anomaly Detection on IoT Devices Using Machine Learning (ML),"Journal of Electrical Engineering, Electronics, Control and Computer Science",10,1,31-48,2025,
"Zoppi, Tommaso; Bicchierai, Irene; Brancati, Francesco; Bondavalli, Andrea; Schwefel, Hans-Peter; ",Deploying a Generic Threat Model for Detecting Anomalies in a Power Grid Digital Twin,2024 IEEE 29th Pacific Rim International Symposium on Dependable Computing (PRDC),,,208-215,2024,IEEE
"Alimi, Oyeniyi Akeem; Ouahada, Khmaies; ",Security assessment of the smart grid: A review focusing on the NAN architecture,2018 IEEE 7th International Conference on Adaptive Science & Technology (ICAST),,,8-Jan,2018,IEEE
"Park, Sungwoo; Jung, Seungmin; Hwang, Eenjun; Rho, Seungmin; ",Variational AutoEncoder-Based Anomaly Detection Scheme for Load Forecasting,Advances in Artificial Intelligence and Applied Cognitive Computing: Proceedings from ICAI’20 and ACC’20,,,833-839,2021,Springer
"Ganesh, PM Jai; Sundaram, B Meenakshi; Balachandran, Praveen Kumar; Mohammad, Gouse Baig; ",IntDEM: an intelligent deep optimized energy management system for IoT-enabled smart grid applications,Electrical Engineering,,,23-Jan,2024,Springer
"Vidyarthi, Prabhat Kumar; Kumar, Ashiwani; Shankar, Ravi; ",Different Types of Cyber-Attacks on Microgrid and its Detection and Mitigation,2024 IEEE 4th International Conference on Sustainable Energy and Future Electric Transportation (SEFET),,,5-Jan,2024,IEEE
"Bushigampala, Bharath Kumar; Inaganti, Anil Chowdary; ",Threat Detection in Critical Infrastructure Using AI Models,International Journal of Acta Informatica,2,1,196-208,2023,
"Mujeeb Ahmed, Chuadhry; Umer, Muhammad Azmi; Binte Liyakkathali, Beebi Siti Salimah; Jilani, Muhammad Taha; Zhou, Jianying; ","Machine learning for cps security: applications, challenges and recommendations",Machine Intelligence and Big Data Analytics for Cybersecurity Applications,,,397-421,2021,Springer
"Tama, Bayu Adhi; Lee, Soo Young; Lee, Seungchul; ",A systematic mapping study and empirical comparison of data-driven intrusion detection techniques in industrial control networks,Archives of Computational Methods in Engineering,29,7,5353-5380,2022,Springer
"Zhang, Hao-Tian; Lai, Loi-Lei; ",Monitoring system for smart grid,2012 International Conference on Machine Learning and Cybernetics,3,,1030-1037,2012,IEEE
"Ait Abdelmoula, Ibtihal; Kaitouni, Samir Idrissi; Lamrini, Nassim; Jbene, Mourad; Ghennioui, Abdellatif; Mehdary, Adil; El Aroussi, Mohamed; ",Towards a sustainable edge computing framework for condition monitoring in decentralized photovoltaic systems,Heliyon,9,11,,2023,Elsevier
"Beikbabaei, Milad; Mehrizi-Sani, Ali; ",Real-Time Simulation of a Resilient Control Center for Inverter-Based Microgrids,arXiv preprint arXiv:2405.07106,,,,2024,
"Chamana, Manohar; Bhatta, Rabindra; Schmitt, Konrad; Shrestha, Rajendra; Bayne, Stephen; ",An integrated testbed for power system cyber-physical operations training,Applied Sciences,13,16,9451,2023,MDPI
"Wan, Ming; Shang, Wenli; Zeng, Peng; ",Double behavior characteristics for one-class classification anomaly detection in networked control systems,IEEE Transactions on Information Forensics and Security,12,12,3011-3023,2017,IEEE
"Negi, Mansi; Karimi, Mazaher; ",IT/OT challenges and opportunities to improve cyber resiliency for utilities: a review paper,2024 IEEE PES Innovative Smart Grid Technologies Europe (ISGT EUROPE),,,5-Jan,2024,IEEE
"Hossain-McKenzie, Shamina; Chavez, Adrian; Jacobs, Nicholas; Jones, C Birk; Summers, Adam; Wright, Brian; ",Proactive intrusion detection and mitigation system: Case study on packet replay attacks in distributed energy resource systems,2021 IEEE Power and Energy Conference at Illinois (PECI),,,6-Jan,2021,IEEE
"Haricharan, M Ganesh; Govind, S Pranai; Kumar, CNS Vinoth; ",An enhanced network security using machine learning and behavioral analysis,2023 International Conference for Advancement in Technology (ICONAT),,,5-Jan,2023,IEEE
"Wu, Junjie; Yang, RenFu; Zhao, Peng; Yang, LuXia; ",Computer-aided mobility solutions: Machine learning innovations to secure smart urban transportation,Sustainable Cities and Society,107,,105422,2024,Elsevier
"El Maghraoui, Adila; El Hadraoui, Hicham; Ledmaoui, Younes; El Bazi, Nabil; Guennouni, Nasr; Chebak, Ahmed; ",Revolutionizing smart grid-ready management systems: A holistic framework for optimal grid reliability,"Sustainable Energy, Grids and Networks",39,,101452,2024,Elsevier
"Ramotsoela, Daniel T; Hancke, Gerhard P; Abu-Mahfouz, Adnan M; ",Practical challenges of attack detection in microgrids using machine learning,Journal of Sensor and Actuator Networks,12,1,7,2023,MDPI
"Abhishek, I Arun; Dafinny, T; ",Anomaly detection in load forecasting using ARIMA and Autoencoder,"2023 IEEE Fifth International Conference on Advances in Electronics, Computers and Communications (ICAECC)",,,6-Jan,2023,IEEE
"Vincent, Edeh; Korki, Mehdi; Seyedmahmoudian, Mehdi; Stojcevski, Alex; Mekhilef, Saad; ",Reinforcement learning-empowered graph convolutional network framework for data integrity attack detection in cyber-physical systems,CSEE Journal of Power and Energy Systems,,,,2024,CSEE
"Admass, Wasyihun Sema; Munaye, Yirga Yayeh; Diro, Abebe Abeshu; ","Cyber security: State of the art, challenges and future directions",Cyber Security and Applications,2,,100031,2024,Elsevier
"Li, Zecun; Ma, Rongkuan; Xie, Yaobin; Lu, Li; ",Overview of Intrusion Detection in Smart Substation,2022 IEEE 10th Joint International Information Technology and Artificial Intelligence Conference (ITAIC),10,,2377-2384,2022,IEEE
"Aldossary, Lina Abdulaziz; Ali, Mazen; Alasaadi, Abdulla; ",Securing SCADA systems against cyber-attacks using artificial intelligence,"2021 international conference on innovation and intelligence for informatics, computing, and technologies (3ICT)",,,739-745,2021,IEEE
"Chinedu, Paschal Uchenna; Nwankwo, Wilson; Masajuwa, Florence U; Imoisi, Simon; ",Cybercrime detection and prevention efforts in the last decade: an overview of the possibilities of machine learning models,Rigeo,11,7,,2021,
"Fauzi, Ahmad Fakhrul; Nugraha, I Gde Dharma; ",Implementation and evaluation for monitoring system in electrical meter based on LoRaWAN network,2021 17th International Conference on Quality in Research (QIR): International Symposium on Electrical and Computer Engineering,,,176-181,2021,IEEE
"Abdelkhalek, Moataz; ",Cybersecurity situational awareness and moving target defense for DER networks in smart grid,,,,,2022,Iowa State University
"Cooper, Austin; Bretas, Arturo; Meyn, Sean; ",Anomaly detection in power system state estimation: Review and new directions,Energies,16,18,6678,2023,MDPI
"Kara, A; ",Practical implications of the use of radio frequency fingerprinting (RFF) in cybersecurity of smart grids,Autom. Robot. Commun. Ind. 4050,,,346,2024,
"Neema, Himanshu; Volgyesi, Peter; Koutsoukos, Xenofon; Roth, Thomas; Nguyen, Cuong; ",Online testbed for evaluating vulnerability of deep learning based power grid load forecasters,2020 8th Workshop on Modeling and Simulation of Cyber-Physical Energy Systems,,,6-Jan,2020,IEEE
"Yadav, Srikanth; Kalpana, R; ",A survey on network intrusion detection using deep generative networks for cyber-physical systems,Artificial Intelligence Paradigms for Smart Cyber-Physical Systems,,,137-159,2021,IGI Global Scientific Publishing
"Ding, Hua; Chen, Lixing; Li, Shenghong; Bai, Yang; Zhou, Pan; Qu, Zhe; ","Divide, conquer, and coalesce: Meta parallel graph neural network for IoT intrusion detection at scale",Proceedings of the ACM Web Conference 2024,,,1656-1667,2024,
"Kumar, Ajit; Choi, Bong Jun; ",Benchmarking machine learning based detection of cyber attacks for critical infrastructure,2022 International Conference on Information Networking (ICOIN),,,24-29,2022,IEEE
"Moslemi, Ramin; Davoodi, Mohammadreza; Velni, Javad Mohammadpour; ",A distributed approach for estimation of information matrix in smart grids and its application for anomaly detection,"2020 IEEE International Conference on Communications, Control, and Computing Technologies for Smart Grids (SmartGridComm)",,,7-Jan,2020,IEEE
"Lin, Qingyuan; Ming, Rui; Zhang, Kailing; Luo, Haibo; ",Privacy‐Enhanced Intrusion Detection and Defense for Cyber‐Physical Systems: A Deep Reinforcement Learning Approach,Security and Communication Networks,2022,1,4996427,2022,Wiley Online Library
"Sudaryono, Sudaryono; Pratomo, Rusdi; Ramadan, Ahmad; Ahsanitaqwim, Ridhuan; Fletcher, Eamon; ",Artificial Intelligence in Predictive Cybersecurity: Developing Adaptive Algorithms to Combat Emerging Threats,Journal of Computer Science and Technology Application,2,1,13-Jan,2025,
"Dayaratne, Thusitha; Salehi, Mahsa; Rudolph, Carsten; Liebman, Ariel; ",False data injection attack detection for secure distributed demand response in smart grids,2022 52nd Annual IEEE/IFIP International Conference on Dependable Systems and Networks (DSN),,,367-380,2022,IEEE
"Horalek, Josef; Sobeslav, Vladimir; ",Security baseline for substation automation systems,Sensors,23,16,7125,2023,MDPI
"Davlyatov, Shokhrukh; ",Artificial intelligence techniques: Smart way to smart grid,2023 International Conference on Artificial Intelligence and Smart Communication (AISC),,,838-842,2023,IEEE
"Hasan, Mohammad Kamrul; Kabir, S Rayhan; Islam, Shayla; Abdullah, Salwani; Khan, Muhammad Attique; Brahim, Ghassen Ben; Li, Yang; Abbas, Huda Saleh; ",Edge Smart Meter Based LSTM Federated Learning with AES Cryptographic Blockchain for Smart Grid AIoT Networks,IEEE Communications Standards Magazine,,,,2025,IEEE
"Singh, Sandeep Kumar; Bose, Ranjan; Joshi, Anupam; ",PCA based electricity theft detection in advanced metering infrastructure,2017 7th international conference on power systems (ICPS),,,441-445,2017,IEEE
"Bhattarai, Bishnu P; Paudyal, Sumit; Luo, Yusheng; Mohanpurkar, Manish; Cheung, Kwok; Tonkoski, Reinaldo; Hovsapian, Rob; Myers, Kurt S; Zhang, Rui; Zhao, Power; ","Big data analytics in smart grids: state‐of‐the‐art, challenges, opportunities, and future directions",IET Smart Grid,2,2,141-154,2019,Wiley Online Library
"Jow, Julius; ",Intrusion Detection and Protection Systems in Smart Grids,,,,,2021,The University of Alabama
"Sun, Li; Zhou, Kaile; Zhang, Xiaoling; Yang, Shanlin; ",Outlier data treatment methods toward smart grid applications,IEEE Access,6,,39849-39859,2018,IEEE
"Zhao, Hongshan; Liu, Huihai; Hu, Wenjing; Yan, Xihui; ",Anomaly detection and fault analysis of wind turbine components based on deep learning network,Renewable energy,127,,825-834,2018,Elsevier
"Nader, Patric; Honeine, Paul; Beauseroy, Pierre; ",${l_p} $-norms in one-class classification for intrusion detection in SCADA systems,IEEE Transactions on Industrial Informatics,10,4,2308-2317,2014,IEEE
"Formby, David; Jung, Sang Shin; Walters, Seth; Beyah, Raheem; ",A physical overlay framework for insider threat mitigation of power system devices,2014 IEEE International Conference on Smart Grid Communications (SmartGridComm),,,970-975,2014,IEEE
"Qiu, Robert Caiming; Hu, Zhen; Chen, Zhe; Guo, Nan; Ranganathan, Raghuram; Hou, Shujie; Zheng, Gang; ","Cognitive radio network for the smart grid: Experimental system architecture, control algorithms, security, and microgrid testbed",IEEE Transactions on Smart Grid,2,4,724-740,2011,IEEE
"Wang, Dai; Guan, Xiaohong; Liu, Ting; Gu, Yun; Sun, Yanan; Liu, Yang; ",A survey on bad data injection attack in smart grid,2013 IEEE PES Asia-Pacific Power and Energy Engineering Conference (APPEEC),,,6-Jan,2013,IEEE
"Manzano Sanchez, Ricardo Alejandro; Zaman, Marzia; Goel, Nishith; Naik, Kshirasagar; Joshi, Rohit; ",Towards developing a robust intrusion detection model using hadoop–spark and data augmentation for IoT networks,Sensors,22,20,7726,2022,MDPI
"Xie, Le; Zheng, Xiangtian; Sun, Yannan; Huang, Tong; Bruton, Tony; ",Massively digitized power grid: Opportunities and challenges of use-inspired AI,Proceedings of the IEEE,111,7,762-787,2022,IEEE
"Fouad, Hesham; Velazquez, Alexander; Moskowitz, Ira S; ",A Dynamical Systems Approach for Detecting Cyberattacks in Software-Defined Networks,MILCOM 2024-2024 IEEE Military Communications Conference (MILCOM),,,734-739,2024,IEEE
"Iniyanathan, R; Balaramakrishnan, B; Vanila, S; ",Energy Theft Detection Issues For Advanced Metering Infrastructure Using Iot In Smart Grid,International Journal of Electrical Engineering and Technology,12,3,62-67,2021,
"Adhikari, Uttam; Morris, Thomas; Pan, Shengyi; ","WAMS cyber-physical test bed for power system, cybersecurity study, and data mining",IEEE Transactions on Smart Grid,8,6,2744-2753,2016,IEEE
"Javaid, Nadeem; ","A PLSTM, AlexNet and ESNN based ensemble learning model for detecting electricity theft in smart grids",IEEE Access,9,,162935-162950,2021,IEEE
"An, Dou; Zhang, Feiye; Yang, Qingyu; Zhang, Chengwei; ",Data integrity attack in dynamic state estimation of smart grid: Attack model and countermeasures,IEEE Transactions on Automation Science and Engineering,19,3,1631-1644,2022,IEEE
"Hu, Yang; Gong, Liangliang; Li, Xinyang; Li, Hui; Zhang, Ruoxin; Gu, Rentao; ",A carrying method for 5G network slicing in smart grid communication services based on neural network,Future Internet,15,7,247,2023,MDPI
"Vijayakumar, G Nixon Samuel; Sharma, Vipin; Pradeep, S; Pratheeba, C; Balakrishnan, T Suresh; Jat, Ramprasad; ",Enhancing Power Quality in Smart Grids Through Machine Learning Techniques,2024 International Conference on Science Technology Engineering and Management (ICSTEM),,,5-Jan,2024,IEEE
"Mintoo, Abdul Awal; Saimon, Abu Saleh Muhammad; Bakhsh, Mohammed Majid; Akter, Marjina; ",NATIONAL RESILIENCE THROUGH AI-DRIVEN DATA ANALYTICS AND CYBERSECURITY FOR REAL-TIME CRISIS RESPONSE AND INFRASTRUCTURE PROTECTION,American Journal of Scholarly Research and Innovation,1,1,137-169,2022,
"Peng, Fang Z; Liu, Chen-Ching; Li, Yuan; Jain, Akshay Kumar; Vinnikov, Dmitri; ","Envisioning the future renewable and resilient energy grids—a power grid revolution enabled by renewables, energy storage, and energy electronics",IEEE Journal of Emerging and Selected Topics in Industrial Electronics,5,1,26-Aug,2023,IEEE
"Singh, Vivek Kumar; Govindarasu, Manimaran; Porschet, Donald; Shaffer, Edward; Berman, Morris; ",Evaluation of anomaly detection for wide-area protection using cyber federation testbed,2019 IEEE Power & Energy Society General Meeting (PESGM),,,5-Jan,2019,IEEE
"Saber, Ahmad Mohammad; Youssef, Amr; Svetinovic, Davor; Zeineldin, Hatem H; El-Saadany, Ehab F; ",Cyber-immune line current differential relays,IEEE Transactions on Industrial Informatics,20,3,3597-3608,2023,IEEE
"Khandari, Harsimrat; Sahoo, Girija Shankar; KN, Raja Praveen; Shree, Ritu; Umamaheswari, B; Yashwant, V; ",Utilizing Machine Learning to Develop an Improved Real-Time Data Analysis System,"2023 3rd International Conference on Smart Generation Computing, Communication and Networking (SMART GENCON)",,,5-Jan,2023,IEEE
"Dragicevic, Nikolina; Ullrich, André; Tsui, Eric; Gronau, Norbert; ",A conceptual model of knowledge dynamics in the industry 4.0 smart grid scenario,Knowledge Management Research & Practice,,,,2020,Taylor & Francis
"Wang, Xueyi; Li, Shancang; Rahman, Md Arafatur; ",A comprehensive survey on enabling techniques in secure and resilient smart grids,Electronics,13,11,2177,2024,MDPI
"Yeboah-Ofori, Abel; Islam, Shareeful; Yeboah-Boateng, Ezer; ",Cyber threat intelligence for improving cyber supply chain security,2019 International Conference on Cyber Security and Internet of Things (ICSIoT),,,28-33,2019,IEEE
"Basagiannis, Stylianos; Chabukswar, Rohan; Yang, Yi; McLaughlin, Kieran; Boubekeur, Menouer; ",Implementation Experiences from Smart Grid Security Applications and Outlook on Future Research,Smart Grid Security,,,283-306,2015,Elsevier
"Mahesh, R; Anilkumar, KB; Shwetha, SN; Kumar, D Kiran; Santhosh, BJ; Patil, Harshal; ",IoT and Blockchain-Based Smart Grid Energy Management: Innovations and Applications,Applying Internet of Things and Blockchain in Smart Cities: Industry and Healthcare Perspectives,,,99-130,2024,IGI Global
"Nakhodchi, Sanaz; Dehghantanha, Ali; ",A bibliometric analysis on the application of deep learning in cybersecurity,Security of Cyber-Physical Systems: Vulnerability and Impact,,,203-221,2020,Springer
"Jafari, Amirreza; Ergun, Hakan; Van Hertem, Dirk; ",A voting-based machine learning strategy to detect false data injection attack in cyber-physical power systems,2022 57th International Universities Power Engineering Conference (UPEC),,,6-Jan,2022,IEEE
"Onawola, Hassan Jimoh; Longe, Olumide Babatope; Aliyu, Garba; Badamasi, Bukhari; ",A conceptual model for mitigating security vulnerabilities in iot-based smart grid electric energy distribution systems,International Journal of Engineering Research in Africa,55,,122-131,2021,Trans Tech Publ
"Jagtap, Smruti; Kavitkar, Vikrant; Jain, Mahek; Ingle, Anup; Tamkhade, Jayashree P; Kshirsagar, Ketki; ",Enhancing Cyber Security Against DDoS Attacks: A Comprehensive Review and Future Directions,2025 1st International Conference on AIML-Applications for Engineering & Technology (ICAET),,,6-Jan,2025,IEEE
"Wu, Xin-Wen; Cao, Yongtao; Dankwa, Richard; ",Accuracy vs efficiency: Machine learning enabled anomaly detection on the Internet of Things,2022 IEEE International Conference on Internet of Things and Intelligence Systems (IoTaIS),,,245-251,2022,IEEE
"Narayanan, Sandeep Nair; Khanna, Kush; Panigrahi, Bijaya Ketan; Joshi, Anupam; ",Security in smart cyber-physical systems: a case study on smart grids and smart cars,Smart cities cybersecurity and privacy,,,147-163,2019,Elsevier
"Kamatar, Maltesh; ",CYBER ATTACKS DETECTION USING MACHINE LEARNING TECHNIQUES,International Journal of Engineering Research and Science & Technology,18,3,88-95,2022,
"Rahimpour, Hossein; Tusek, Joe; Abuadbba, Alsharif; Seneviratne, Aruna; Phung, Toan; Musleh, Ahmed; Liu, Boyu; ",Cybersecurity challenges of power transformers,arXiv preprint arXiv:2302.13161,,,,2023,
"Yuan, Xinping; Wang, Haiyan; Yuan, Ye; Zhang, Shilei; ",Design of an intelligent decision model for power grid fault location and isolation based on topology analysis,International Journal of Thermofluids,21,,100536,2024,Elsevier
"Quincozes, Vagner E; Quincozes, Silvio E; Albuquerque, Célio; Passos, Diego; Mossé, Daniel; ",Feature extraction for intrusion detection in IEC-61850 communication networks,2022 6th Cyber security in networking conference (CSNet),,,7-Jan,2022,IEEE
"Kanimozhi, N; Sumathy, G; Maheshwari, A; Arunarani, AR; ","Intelligent Transportation Systems: Exploring Digital Twin Technologies in Smart Grid, Transportation Systems and Smart Cities",2024 International Conference on Advances in Data Engineering and Intelligent Computing Systems (ADICS),,,7-Jan,2024,IEEE
"Rekeraho, Alexandre; Cotfas, Daniel Tudor; Cotfas, Petru Adrian; Bălan, Titus Constantin; Tuyishime, Emmanuel; Acheampong, Rebecca; ",Cybersecurity challenges in IoT-based smart renewable energy,International Journal of Information Security,23,1,101-117,2024,Springer
"Butcher, Aidan; Boloz, Patrik; Herrera, Jaydan; Martinez, Saige; ",UNDERGRADUATE STUDENT POSTER ABSTRACTS,,,,,,
"Chandre, Pankaj R; Vanarote, Viresh; Patil, Rajkumar; Mahalle, Parikshit N; Shinde, Gitanjali R; Nimbalkar, Madhukar; Barot, Janki; ",Explainable ai for intrusion prevention: A review of techniques and applications,International Conference on Information and Communication Technology for Intelligent Systems,,,339-350,2023,Springer
"Sahin, Muhammet; Bahtiyar, Serif; ",A survey on malware detection with deep learning,13th International conference on security of information and networks,,,6-Jan,2020,
"Erick, Guzman; Navid, Fatehi; ",Safeguarding stability: strategies for addressing dynamic system variations in power grid cybersecurity,EPH-International Journal of Science And Engineering,9,3,42-52,2023,
"Lal, M Dhinu; Varadarajan, Ramesh; ",A review of machine learning approaches in synchrophasor technology,IEEE Access,11,,33520-33541,2023,IEEE
"Mololoth, Vidya Krishnan; Saguna, Saguna; Åhlund, Christer; ",Blockchain and machine learning for future smart grids: A review,Energies,16,1,528,2023,MDPI
"Liu, Xin; Wang, Huijian; Liu, Donglan; Li, Jiaqi; Liu, Xinghua; Li, Beibei; ",Vulnerability Detection for Open Source Components in Smart Power Grid,International Conference on Frontiers in Cyber Security,,,97-113,2024,Springer
"Rituraj, Rituraj; Ecker, Diana; ",A comprehensive investigation into the application of convolutional neural networks (ConvNet/CNN) in smart grids,"2022 IEEE 22nd International Symposium on Computational Intelligence and Informatics and 8th IEEE International Conference on Recent Achievements in Mechatronics, Automation, Computer Science and Robotics (CINTI-MACRo)",,,000359-000368,2022,IEEE
"Lalitha, R; Praveen, P; Prasanna, K; Monash, K; ",A Survey on Detection of False Data Injection Attacks in Smart Grid Communication Systems,International Journal of Advanced Networking and Applications,,,106-110,2019,Eswar Publications
"Fadlullah, Zubair Md; Fouda, Mostafa M; Kato, Nei; Takeuchi, Akira; Iwasaki, Noboru; Nozaki, Yousuke; ",Toward intelligent machine-to-machine communications in smart grid,IEEE Communications Magazine,49,4,60-65,2011,IEEE
"Halvorsen, James; Izurieta, Clemente; Cai, Haipeng; Gebremedhin, Assefaw; ",Applying generative machine learning to intrusion detection: A systematic mapping study and review,ACM Computing Surveys,56,10,Jan-33,2024,"ACM New York, NY"
"Ganguly, Pallab; Nasipuri, Mita; Dutta, Sourav; ",A novel approach for detecting and mitigating the energy theft issues in the smart metering infrastructure,Technology and Economics of Smart Grids and Sustainable Energy,3,1,13,2018,Springer
"Huang, Haoqi; Wang, Ping; Pei, Jianhua; Wang, Jiacheng; Alexanian, Shahen; Niyato, Dusit; ",Deep Learning Advancements in Anomaly Detection: A Comprehensive Survey,arXiv preprint arXiv:2503.13195,,,,2025,
"Rahman, Md Moshiur; Ali, Mazhar; Rahman, Airin; Sun, Wei; ",A Real-Time Cyber-Physical HIL Testbed for Cybersecurity in Distribution Grids with DERs,2024 IEEE Power & Energy Society Innovative Smart Grid Technologies Conference (ISGT),,,5-Jan,2024,IEEE
"Chen, Tse-Chun; Mahapatra, Kaveri; ",PMU Data Quality and Sensor Health Monitoring,2024 IEEE Power & Energy Society General Meeting (PESGM),,,5-Jan,2024,IEEE
"Zadehgol-Mohammadi, Asef; Baker, Matthew; Shadmand, Mohammad B; ",An AI-based real-time intrusion detection system for power electronics-dominated grid: Attack on inverters PQ set-points,2023 IEEE Energy Conversion Congress and Exposition (ECCE),,,1561-1566,2023,IEEE
"Khan, Abdullah Ayub; Laghari, Asif Ali; Rashid, Mamoon; Li, Hang; Javed, Abdul Rehman; Gadekallu, Thippa Reddy; ",Artificial intelligence and blockchain technology for secure smart grid and power distribution Automation: A State-of-the-Art Review,Sustainable Energy Technologies and Assessments,57,,103282,2023,Elsevier
"Venkatesan, K; Rahayu, Syarifah Bahiyah; ",Blockchain security enhancement: an approach towards hybrid consensus algorithms and machine learning techniques,Scientific Reports,14,1,1149,2024,Nature Publishing Group UK London
"Mobassir, Md Sadi; Arpi, Safoat Saima; Fahad, Farhan-Uz-Zaman; ",Enhancing Power Grid Reliability with Machine Learning Algorithms for Fault Detection and Classification,,,,,2024,"Department of Electrical and Elecrtonics Engineering (EEE), Islamic …"
"Dhillon, Jaspaljeet Singh; Nidzam, Nazirul Nazrin Shahrol; ",Artificial Intelligence in Energy Informatics: An In-Depth Review,Current and Future Trends on AI Applications: Volume 1,5,,183,,Springer Nature
"G. Lira, Oscar; Marroquin, Alberto; To, Marco Antonio; ",Harnessing the advanced capabilities of llm for adaptive intrusion detection systems,International Conference on Advanced Information Networking and Applications,,,453-464,2024,Springer
"Hammouti, Iliass; GUENNOUN, Zouhair; Addaim, Adnane; ",Decentralized energy trading in smart grids: a blockchain-based framework for efficiency and transparency,Available at SSRN 4853417,,,,2024,
"Kharlamova, Nina; Hashemi, Seyedmostafa; Træholt, Chresten; ",The cyber security of battery energy storage systems and adoption of data-driven methods,2020 IEEE Third International Conference on Artificial Intelligence and Knowledge Engineering (AIKE),,,188-192,2020,IEEE
"Wu, Shushan; Yang, Bowen; Yang, He; Coshatt, Stephen J; Gong, Xilin; Parasuraman, Ramviyas Nattanmai; Conrad, Justin; Perdisci, Roberto; Zhong, Wenxuan; Ye, Jin; ",Online Adaptive Anomaly Detection in Networked Electrical Machines by Adaptive Enveloped Singular Spectrum Transformation,IEEE Internet of Things Journal,,,,2024,IEEE
"Pasias, Achilleas; Kotsiopoulos, Thanasis; Lazaridis, George; Drosou, Anastasis; Tzovaras, Dimitrios; Sarigiannidis, Panagiotis; ",Cyber-resilience enhancement framework in smart grids,"Power systems cybersecurity: Methods, concepts, and best practices",,,363-386,2023,Springer
"Hasan, Mohammad Kamrul; Alkhalifah, Ali; Islam, Shayla; Babiker, Nissrein BM; Habib, AKM Ahasan; Aman, Azana Hafizah Mohd; Hossain, Md Arif; ","Blockchain technology on smart grid, energy trading, and big data: security issues, challenges, and recommendations",Wireless Communications and Mobile Computing,2022,1,9065768,2022,Wiley Online Library
"Van Der Velde, Dennis; Sen, Ömer; Hacker, Immanuel; ",Towards a scalable and flexible smart grid co-simulation environment to investigate communication infrastructures for resilient distribution grid operation,2021 International Conference on Smart Energy Systems and Technologies (SEST),,,6-Jan,2021,IEEE
"Shafee, Ahmed; Awaad, Tasneem A; ",Privacy attacks against deep learning models and their countermeasures,Journal of Systems Architecture,114,,101940,2021,Elsevier
"Dhiman, Harsh S; Deb, Dipankar; Muyeen, SM; Kamwa, Innocent; ",Wind turbine gearbox anomaly detection based on adaptive threshold and twin support vector machines,IEEE Transactions on Energy Conversion,36,4,3462-3469,2021,IEEE
"Adekunle, Bolaji Iyanu; Chukwuma-Eke, Ezinne C; Balogun, Emmanuel Damilare; Ogunsola, Kolade Olusola; ",Machine learning for automation: Developing data-driven solutions for process optimization and accuracy improvement,Machine Learning,2,1,,2021,
"Alhelou, Hassan Haes; Abdelaziz, Almoataz Y; Siano, Pierluigi; ","Wide area power systems stability, protection, and security",,,,,2021,Springer
"Blanco, Jacobo; La Porta, Silvio; O’Mahony, Niamh; Chabukswar, Rohan; Mady, Alie El-Din; Boubekeur, Menouer; ",Towards an Implementation of Data Analytics for Smart Grid Security,"EMC Research Europe, Cork Ireland",,,,,
"Hu, Chengming; Yan, Jun; Wang, Chun; ",Advanced cyber-physical attack classification with extreme gradient boosting for smart transmission grids,2019 IEEE power & energy society general meeting (PESGM),,,5-Jan,2019,IEEE
"Wu, Leon; Kaiser, Gail; Solomon, David; Winter, Rebecca; Boulanger, Albert; Anderson, Roger; ",Improving efficiency and reliability of building systems using machine learning and automated online evaluation,"2012 IEEE Long Island Systems, Applications and Technology Conference (LISAT)",,,6-Jan,2012,IEEE
"Cui, Mingjian; Khodayar, Mahdi; Chen, Chen; Wang, Xinan; Zhang, Ying; Khodayar, Mohammad E; ",Deep learning-based time-varying parameter identification for system-wide load modeling,IEEE Transactions on Smart Grid,10,6,6102-6114,2019,IEEE
"Vallabhaneni, Rohith; Nagamani, HS; Harshitha, P; Sumanth, S; ",Feature Selection Using COA with Modified Feedforward Neural Network for Prediction of Attacks in Cyber-Security,2024 International Conference on Distributed Computing and Optimization Techniques (ICDCOT),,,6-Jan,2024,IEEE
"Fadlullah, Zubair Md; Pathan, Al-Sakib Khan; ",Combating Security Challenges in the Age of Big Data,,,,,2020,Springer
"Qarabsh, Noor Ahmed; Sabry, S Sabah; Qarabash, H Ahmed; ",Smart grid in the context of industry 4.0: an overview of communications technologies and challenges,Indonesian Journal of Electrical Engineering and Computer Science,18,2,656-665,2020,
"Singla, Aakriti; Sharma, Anand; ",Physical access system security of IoT devices using machine learning techniques,"Proceedings of International Conference on Sustainable Computing in Science, Technology and Management (SUSCOM), Amity University Rajasthan, Jaipur-India",,,,2019,
"Alkahtani, Hasan; Aldhyani, Theyazn HH; ",Research Article Intrusion Detection System to Advance Internet of Things Infrastructure-Based Deep Learning Algorithms,,,,,2021,
"Rajaperumal, TA; Columbus, C Christopher; ","Transforming the electrical grid: the role of AI in advancing smart, sustainable, and secure energy systems",Energy Informatics,8,1,51,2025,Springer
"Qu, Yanfeng; ",Towards a Secure and Resilient Smart Grid Cyberinfrastructure Using Software-Defined Networking,,,,,2022,Illinois Institute of Technology
"Liang, Xuefeng; Hu, Zetian; Zhang, Jun; Chen, Han; Gu, Qingshui; You, Xiaochuan; ","Developing a robust wind power forecasting method: Integrating data repair, feature screening, and economic impact analysis for practical applications",Renewable Energy,247,,122775,2025,Elsevier
"Koutsandria, Georgia; Muthukumar, Vishak; Parvania, Masood; Peisert, Sean; McParland, Chuck; Scaglione, Anna; ",A hybrid network IDS for protective digital relays in the power transmission grid,2014 IEEE international conference on smart grid communications (SmartGridComm),,,908-913,2014,IEEE
"Jafarigiv, Danial; ",A Scalable FMI-compatible Cosimulation Platform for Smart Grid Cybersecurity Studies Using Data Analytics,,,,,2021,"Ecole Polytechnique, Montreal (Canada)"
"Raja, Nirav M; Vegad, Sudhir; ",An empirical study for the traffic flow rate prediction-based anomaly detection in software-defined networking: a challenging overview,Social Network Analysis and Mining,13,1,72,2023,Springer
"Suciu, George; Farao, Aristeidis; Bernardinetti, Giorgio; Palamà, Ivan; Sachian, Mari-Anais; Vulpe, Alexandru; Vochin, Marius-Constantin; Muresan, Pavel; Bampatsikos, Michail; Muñoz, Antonio; ",SAMGRID: security authorization and monitoring module based on SealedGRID platform,Sensors,22,17,6527,2022,MDPI
"Ouahada, Khmaies; Longe, Omowunmi Mary; ",Smart Energy Management for Smart Grids,,,,,2020,MDPI
"Luitel, Bipul; Venayagamoorthy, Ganesh Kumar; Oliveira, Gabriel; ",Developing neural networks library in RSCAD for real-time power system simulation,2013 IEEE Computational Intelligence Applications in Smart Grid (CIASG),,,130-137,2013,IEEE
"Griffiths, Taylah; Ahmed, Mohiuddin; Yan, Shihao; ",WIP: Performance Metrics of PUF-based Authentication Protocols for Smart Grid: A Review,"2024 IEEE 25th International Symposium on a World of Wireless, Mobile and Multimedia Networks (WoWMoM)",,,4-Jan,2024,IEEE
"Shanthi, J; Rajalakshmi, M; Rani, D Gracia Nirmala; Muthulakshmi, S; ",Implementing Secure Machine Learning: A Decision Tree Approach for Smart Grid Stability,5G and Fiber Optics Security Technologies for Smart Grid Cyber Defense,,,344-364,2024,IGI Global
"Shafiq, Muhammad; Gu, Zhaoquan; Cheikhrouhou, Omar; Alhakami, Wajdi; Hamam, Habib; ",The Rise of “Internet of Things”: Review and Open Research Issues Related to Detection and Prevention of IoT‐Based Security Attacks,Wireless Communications and Mobile Computing,2022,1,8669348,2022,Wiley Online Library
"Bindra, Sandeep Singh; Aggarwal, Alankrita; ",Security in cyber physical systems: Transformation and challenges,J. Auton. Intell,7,4,,2024,
"Al-Qarni, Ahmed; Al-Shehri, Mohammed; Rahman, Atta-ur; Iqbal, Tahir; Bakry, Aghiad; Abdulqader, Mamoun; ",Integrating Smart Grids in Smart Cities for Sustainable Future,International Journal of Computer Science & Network Security,25,4,227-237,2025,International Journal of Computer Science & Network Security
"Andersson, Maria; ",Modeling electricity load curves with hidden Markov models for demand‐side management status estimation,International Transactions on Electrical Energy Systems,27,3,e2265,2017,Wiley Online Library
"Zhang, Shuqin; Shi, Peiyu; Du, Tianhui; Su, Xinyu; Han, Yunfei; ",Threat attribution and reasoning for industrial control system asset,International Journal of Ambient Computing and Intelligence (IJACI),15,1,27-Jan,2024,IGI Global
"Strielkowski, Wadim; Vlasov, Andrey; Selivanov, Kirill; Muraviev, Konstantin; Shakhnov, Vadim; ",Prospects and challenges of the machine learning and data-driven methods for the predictive analysis of power systems: A review,Energies,16,10,4025,2023,MDPI
"Rustambekov, Islambek; Saidakhmedovich, Gulyamov Saidakhror; Abduvaliyev, Bakhodir; Kan, Ekaterina; Abdukhakimov, Islambek; Yakubova, Madina; Karimov, Dilmurod; ",Predictive Maintenance of Smart Grid Components Based on Real-Time Data Analysis,"2024 6th International Conference on Control Systems, Mathematical Modeling, Automation and Energy Efficiency (SUMMA)",,,949-952,2024,IEEE
"Vereno, Dominik; Harb, Jonas; Neureiter, Christian; ",Paving the way for reinforcement learning in smart grid co-simulations,International Conference on Software Engineering and Formal Methods,,,242-257,2022,Springer
"Udo, Wisdom Samuel; Kwakye, Jephta Mensah; Ekechukwu, Darlington Eze; Ogundipe, Olorunshogo Benjamin; ",Predictive analytics for enhancing solar energy forecasting and grid integration,,,,,2023,unpublished
"Cheng, Yao; Xu, Chang; Mashima, Daisuke; Thing, Vrizlynn LL; Wu, Yongdong; ",PowerLSTM: power demand forecasting using long short-term memory neural network,"Advanced Data Mining and Applications: 13th International Conference, ADMA 2017, Singapore, November 5–6, 2017, Proceedings 13",,,727-740,2017,Springer
"Dragičević, Tomislav; Siano, Pierluigi; Prabaharan, SR; ",Future generation 5G wireless networks for smart grid: A comprehensive review,Energies,12,11,2140,2019,Multidisciplinary Digital Publishing Institute
"Shereen, Ezzeldin; Dán, György; ",Model-based and data-driven detectors for time synchronization attacks against PMUs,IEEE Journal on Selected Areas in Communications,38,1,169-179,2019,IEEE
"Liu, Ziquan; Zhu, Xueqiong; Ma, Jingtan; Hu, Chengbo; Fu, Hui; Zhao, Ke; ",Application of optimization technology for overhaul decision of substation equipment based on machine learning,Journal of Physics: Conference Series,2066,1,12095,2021,IOP Publishing
"Pandey, Richa; Koranga, Manisha; Thakur, Sujata Negi; Khan, Habib; Singh, Sushil Kumar; RN, Ravikumar; ",Securing Vehicle-to-Grid Communications: A Cyber-Physical Approach,Optimized Energy Management Strategies for Electric Vehicles,,,301-318,2025,IGI Global Scientific Publishing
"López, Jose Antonio; Angulo, Iñaki; Martínez, Saturnino; ",Substation-Aware. An intrusion detection system for the IEC 61850 protocol.,"Proceedings of the 17th International Conference on Availability, Reliability and Security",,,7-Jan,2022,
"Jiang, Qiang; Zhu, Jia-Xiong; Li, Min; Qing, Hai-Yin; ",Electricity power load forecast via long short-term memory recurrent neural networks,2018 4th Annual International Conference on Network and Information Systems for Computers (ICNISC),,,265-268,2018,IEEE
"Bhattacharya, Sweta; Chengoden, Rajeswari; Srivastava, Gautam; Alazab, Mamoun; Javed, Abdul Rehman; Victor, Nancy; Maddikunta, Praveen Kumar Reddy; Gadekallu, Thippa Reddy; ","Incentive mechanisms for smart grid: State of the art, challenges, open issues, future directions",Big Data and Cognitive Computing,6,2,47,2022,MDPI
"Sajan, KS; Bariya, Mohini; Basak, Sanchita; Srivastava, Anurag; Dubey, Abhishek; von Meier, A; Biswas, Gautam; ",Realistic synchrophasor data generation for anomaly detection and event classification,2020 8th Workshop on Modeling and Simulation of Cyber-Physical Energy Systems,,,6-Jan,2020,IEEE
"Alipour, Mohammad Ali; Ghasemshirazi, Saeid; Shirvani, Ghazaleh; ",Enabling a zero trust architecture in a 5g-enabled smart grid,arXiv preprint arXiv:2210.01739,,,,2022,
"Marvin, Ggaliwango; Hellen, Nakayiza; Ngubiri, John; ",Digital Security on Smart Grids: A Technical Review,International Conference on Power Engineering and Intelligent Systems (PEIS),,,327-349,2023,Springer
"Wang, Rujun; ","Enhancing energy efficiency with smart grid technology: a fusion of TCN, BiGRU, and attention mechanism",Frontiers in Energy Research,11,,1283026,2023,Frontiers Media SA
"Song, Yubo; Jiang, Shuai; Shan, Qiuhong; Yang, Yixin; Yu, Yue; Shen, Wen; Guo, Qian; ",Hierarchical-Based Dynamic Scenario-Adaptive Risk Assessment for Power Data Lifecycle,Electronics,13,3,631,2024,MDPI
"Aguilar, Renato; Sharma, Bishnu Prasad; Méndez, Daniela; ",A Multi-Layered Intrusion Detection Architecture for Industrial Control Systems Based on Feature Engineering and Ensemble Learning,Annual Compendium of Multidisciplinary Scientific Insights and Technological Frontiers,12,5,13-Jan,2022,
"Tripathi, Ashutosh; Bhoj, Naman; ","On Analysis of Effectiveness of Ensemble, Distance and Tree based Methods for Secure Power Systems",2021 International Conference on Data Analytics for Business and Industry (ICDABI),,,434-437,2021,IEEE
"Hooi, Bryan; ",Anomaly Detection in Graphs and Time Series: Algorithms and Applications.,,,,,2019,"Carnegie Mellon University, USA"
"Khordadpour, Peyman; ",Toward Efficient Protecting Cyber-Physical Systems with Cyber Threat Hunting and Intelligence,Authorea Preprints,,,,2023,Authorea
"Li, Song; ",Research on smart grid management and security guarantee of sports stadiums based on GCNN-GRU and self-attention mechanism,Frontiers in Energy Research,11,,1270224,2023,Frontiers Media SA
"Li, Yifan; Peng, Xiaoyan; Zhang, Jia; Li, Zhiyong; Wen, Ming; ",DCT-GAN: Dilated convolutional transformer-based GAN for time series anomaly detection,IEEE Transactions on Knowledge and Data Engineering,35,4,3632-3644,2021,IEEE
"Li, Yuxi; Xie, Shuxuan; Wan, Zhibo; Lv, Haibin; Song, Houbing; Lv, Zhihan; ",Graph-powered learning methods in the Internet of Things: A survey,Machine Learning with Applications,11,,100441,2023,Elsevier
"Gilbert, Gilbert M; Naiman, Shililiandumi; Kimaro, Honest; Bagile, Burchard; ",A critical review of edge and fog computing for smart grid applications,"Information and Communication Technologies for Development. Strengthening Southern-Driven Cooperation as a Catalyst for ICT4D: 15th IFIP WG 9.4 International Conference on Social Implications of Computers in Developing Countries, ICT4D 2019, Dar es Salaam, Tanzania, May 1–3, 2019, Proceedings, Part I 15",,,763-775,2019,Springer
"Eikeland, F; Maria Bianchi, F; Holmstrand, IS; Bakkejord, S; Santos, S; Chiesa, M; ","Uncovering contributing factors to interruptions in the power grid: An Arctic Case. Energies 2022, 15, 305",,,,,2022,s Note: MDPI stays neutral with regard to jurisdictional claims in published …
"Hassan, Nazmul; Dhar, Hritwik Kishore; ",Efficiency Study of Transforming a Conventional Grid to Smart Grid using MATLAB: Outline for upgrading a traditional grid to smart grid in a developing country like Bangladesh,,,,,2022,
"Singhal, Divya; Ahuja, Laxmi; Seth, Ashish; ",POSMETER: proof-of-stake blockchain for enhanced smart meter data security,International Journal of Information Technology,16,2,1171-1184,2024,Springer
"Glista, Elizabeth; Sojoudi, Somayeh; ",A MILP for optimal measurement choice in robust power grid state estimation,2022 IEEE Power & Energy Society General Meeting (PESGM),,,5-Jan,2022,IEEE
"Chen, Zhe; Zhang, Changchun; Lin, Feng; Yu, Jingzhi; Li, Xia; Song, Yu; Ranganathan, Raghuram; Guo, Nan; Qiu, Robert C; ","Towards a large-scale cognitive radio network: Testbed, intensive computing, frequency agility and security","2012 International Conference on Computing, Networking and Communications (ICNC)",,,556-562,2012,IEEE
杨永娇; 邱宇; 占力超; ,基于宽度学习的智能电网数据服务器流量异常检测算法,计算机与现代化,,9,77,2019,
